id,level,duration,is_verified,created_by,created_at,updated_at,experience_id,skill_id
18,3,2,0,,2024-09-11 10:15:45,2024-09-11 10:15:45,7,146
19,3,2,0,,2024-09-11 10:15:45,2024-09-11 10:15:45,7,224
20,2,2,0,,2024-09-11 10:15:45,2024-09-11 10:15:45,7,225
21,2,2,0,,2024-09-11 10:15:45,2024-09-11 10:15:45,8,226
22,2,2,0,,2024-09-11 10:15:45,2024-09-11 10:15:45,8,227
23,2,2,0,,2024-09-11 10:15:45,2024-09-11 10:15:45,8,228
24,3,3,0,,2024-09-11 10:15:45,2024-09-11 10:15:45,9,147
25,3,3,0,,2024-09-11 10:15:45,2024-09-11 10:15:45,9,138
26,3,3,0,,2024-09-11 10:15:45,2024-09-11 10:15:45,9,155
27,2,3,0,,2024-09-11 10:15:45,2024-09-11 10:15:45,10,229
28,3,3,0,,2024-09-11 10:15:45,2024-09-11 10:15:45,10,138
29,1,1,0,,2024-09-11 10:15:45,2024-09-11 10:15:45,10,230
30,2,0,0,,2024-09-11 10:15:45,2024-09-11 10:15:45,11,231
31,2,0,0,,2024-09-11 10:15:45,2024-09-11 10:15:45,11,232
32,2,0,0,,2024-09-11 10:15:45,2024-09-11 10:15:45,12,22
33,2,0,0,,2024-09-11 10:15:45,2024-09-11 10:15:45,12,79
34,2,0,0,,2024-09-11 10:15:45,2024-09-11 10:15:45,12,233
35,1,0,0,,2024-09-11 10:15:45,2024-09-11 10:15:45,13,234
36,1,0,0,,2024-09-11 10:15:45,2024-09-11 10:15:45,13,235
37,1,1,0,,2024-09-11 10:16:27,2024-09-11 10:16:27,14,304
38,1,1,0,,2024-09-11 10:16:27,2024-09-11 10:16:27,14,237
39,1,1,0,,2024-09-11 10:16:27,2024-09-11 10:16:27,15,241
40,1,1,0,,2024-09-11 10:16:27,2024-09-11 10:16:27,15,244
41,1,0,0,,2024-09-11 10:16:56,2024-09-11 10:16:56,16,309
42,1,0,0,,2024-09-11 10:16:56,2024-09-11 10:16:56,16,81
43,1,0,0,,2024-09-11 10:16:56,2024-09-11 10:16:56,16,52
44,1,0,0,,2024-09-11 10:16:56,2024-09-11 10:16:56,16,274
45,1,0,0,,2024-09-11 10:16:56,2024-09-11 10:16:56,16,28
46,1,0,0,,2024-09-11 10:16:56,2024-09-11 10:16:56,16,41
47,1,0,0,,2024-09-11 10:16:56,2024-09-11 10:16:56,17,310
48,1,0,0,,2024-09-11 10:16:56,2024-09-11 10:16:56,17,52
49,1,0,0,,2024-09-11 10:16:56,2024-09-11 10:16:56,17,51
50,1,0,0,,2024-09-11 10:16:56,2024-09-11 10:16:56,17,21
51,1,0,0,,2024-09-11 10:16:56,2024-09-11 10:16:56,17,311
52,1,0,0,,2024-09-11 10:16:57,2024-09-11 10:16:57,17,274
53,1,0,0,,2024-09-11 10:16:57,2024-09-11 10:16:57,18,265
54,1,0,0,,2024-09-11 10:16:57,2024-09-11 10:16:57,18,44
55,1,0,0,,2024-09-11 10:16:57,2024-09-11 10:16:57,18,273
56,2,1,0,,2024-09-11 10:16:57,2024-09-11 10:16:57,19,47
57,2,1,0,,2024-09-11 10:16:57,2024-09-11 10:16:57,19,114
58,2,1,0,,2024-09-11 10:16:57,2024-09-11 10:16:57,19,275
59,2,1,0,,2024-09-11 10:16:57,2024-09-11 10:16:57,19,276
60,2,1,0,,2024-09-11 10:16:57,2024-09-11 10:16:57,19,312
61,2,1,0,,2024-09-11 10:16:57,2024-09-11 10:16:57,20,310
62,2,1,0,,2024-09-11 10:16:57,2024-09-11 10:16:57,20,281
63,2,1,0,,2024-09-11 10:16:57,2024-09-11 10:16:57,20,52
64,2,1,0,,2024-09-11 10:16:57,2024-09-11 10:16:57,20,312
65,2,1,0,,2024-09-11 10:16:57,2024-09-11 10:16:57,20,41
66,2,1,0,,2024-09-11 10:17:02,2024-09-11 10:17:02,21,58
67,1,1,0,,2024-09-11 10:17:02,2024-09-11 10:17:02,21,20
68,2,1,0,,2024-09-11 10:17:02,2024-09-11 10:17:02,21,79
69,2,1,0,,2024-09-11 10:17:02,2024-09-11 10:17:02,21,42
70,2,1,0,,2024-09-11 10:17:02,2024-09-11 10:17:02,21,281
71,1,1,0,,2024-09-11 10:17:02,2024-09-11 10:17:02,21,282
72,2,1,0,,2024-09-11 10:17:02,2024-09-11 10:17:02,21,109
73,2,1,0,,2024-09-11 10:17:02,2024-09-11 10:17:02,21,313
74,1,1,0,,2024-09-11 10:17:02,2024-09-11 10:17:02,21,120
75,1,1,0,,2024-09-11 10:17:02,2024-09-11 10:17:02,21,283
76,0,1,0,,2024-09-11 10:17:02,2024-09-11 10:17:02,21,284
77,2,1,0,,2024-09-11 10:17:02,2024-09-11 10:17:02,22,55
78,1,1,0,,2024-09-11 10:17:02,2024-09-11 10:17:02,22,22
79,1,1,0,,2024-09-11 10:17:02,2024-09-11 10:17:02,22,285
80,1,1,0,,2024-09-11 10:17:02,2024-09-11 10:17:02,22,282
81,1,1,0,,2024-09-11 10:17:02,2024-09-11 10:17:02,22,79
82,1,1,0,,2024-09-11 10:17:02,2024-09-11 10:17:02,22,109
83,1,1,0,,2024-09-11 10:17:02,2024-09-11 10:17:02,22,313
84,1,1,0,,2024-09-11 10:17:02,2024-09-11 10:17:02,22,114
85,3,1,0,,2024-09-11 10:19:28,2024-09-11 10:19:28,23,19
86,3,1,0,,2024-09-11 10:19:28,2024-09-11 10:19:28,23,42
87,3,1,0,,2024-09-11 10:19:28,2024-09-11 10:19:28,23,114
88,2,1,0,,2024-09-11 10:19:28,2024-09-11 10:19:28,24,19
89,2,1,0,,2024-09-11 10:19:28,2024-09-11 10:19:28,24,43
90,2,1,0,,2024-09-11 10:19:28,2024-09-11 10:19:28,25,19
91,2,1,0,,2024-09-11 10:19:28,2024-09-11 10:19:28,25,265
92,2,1,0,,2024-09-11 10:19:28,2024-09-11 10:19:28,25,43
93,3,1,0,,2024-09-11 10:19:44,2024-09-11 10:19:44,26,20
94,3,1,0,,2024-09-11 10:19:44,2024-09-11 10:19:44,26,19
95,3,1,0,,2024-09-11 10:19:44,2024-09-11 10:19:44,26,265
96,3,1,0,,2024-09-11 10:19:44,2024-09-11 10:19:44,26,43
97,2,1,0,,2024-09-11 10:19:44,2024-09-11 10:19:44,27,265
98,2,1,0,,2024-09-11 10:19:44,2024-09-11 10:19:44,27,37
99,2,1,0,,2024-09-11 10:19:44,2024-09-11 10:19:44,27,40
100,2,1,0,,2024-09-11 10:19:44,2024-09-11 10:19:44,27,114
101,2,1,0,,2024-09-11 10:19:44,2024-09-11 10:19:44,28,20
102,2,1,0,,2024-09-11 10:19:44,2024-09-11 10:19:44,28,316
103,2,1,0,,2024-09-11 10:19:44,2024-09-11 10:19:44,28,86
104,2,1,0,,2024-09-11 10:19:44,2024-09-11 10:19:44,28,40
105,3,1,0,,2024-09-11 10:19:44,2024-09-11 10:19:44,29,20
106,2,1,0,,2024-09-11 10:19:44,2024-09-11 10:19:44,29,59
107,2,1,0,,2024-09-11 10:19:44,2024-09-11 10:19:44,29,35
108,2,1,0,,2024-09-11 10:19:44,2024-09-11 10:19:44,29,36
109,2,1,0,,2024-09-11 10:19:44,2024-09-11 10:19:44,29,40
110,2,1,0,,2024-09-11 10:19:44,2024-09-11 10:19:44,29,209
111,3,3,0,,2024-09-11 10:19:46,2024-09-11 10:19:46,30,105
112,3,3,0,,2024-09-11 10:19:46,2024-09-11 10:19:46,30,339
113,3,3,0,,2024-09-11 10:19:46,2024-09-11 10:19:46,30,379
114,3,3,0,,2024-09-11 10:19:46,2024-09-11 10:19:46,30,380
115,3,3,0,,2024-09-11 10:19:46,2024-09-11 10:19:46,30,381
116,3,3,0,,2024-09-11 10:19:46,2024-09-11 10:19:46,31,105
117,3,3,0,,2024-09-11 10:19:46,2024-09-11 10:19:46,31,339
118,3,3,0,,2024-09-11 10:19:46,2024-09-11 10:19:46,31,380
119,3,3,0,,2024-09-11 10:19:46,2024-09-11 10:19:46,31,381
120,3,4,0,,2024-09-11 10:19:46,2024-09-11 10:19:46,32,105
121,3,4,0,,2024-09-11 10:19:46,2024-09-11 10:19:46,32,339
122,3,4,0,,2024-09-11 10:19:46,2024-09-11 10:19:46,32,265
123,3,4,0,,2024-09-11 10:19:46,2024-09-11 10:19:46,32,382
124,3,4,0,,2024-09-11 10:19:46,2024-09-11 10:19:46,32,96
125,3,2,0,,2024-09-11 10:19:46,2024-09-11 10:19:46,33,383
126,3,2,0,,2024-09-11 10:19:46,2024-09-11 10:19:46,33,19
127,3,2,0,,2024-09-11 10:19:46,2024-09-11 10:19:46,33,65
128,3,2,0,,2024-09-11 10:19:46,2024-09-11 10:19:46,33,268
129,3,2,0,,2024-09-11 10:19:51,2024-09-11 10:19:51,34,21
130,3,2,0,,2024-09-11 10:19:51,2024-09-11 10:19:51,34,42
131,3,2,0,,2024-09-11 10:19:51,2024-09-11 10:19:51,34,36
132,1,1,0,,2024-09-11 10:19:51,2024-09-11 10:19:51,34,49
133,1,1,0,,2024-09-11 10:19:51,2024-09-11 10:19:51,34,63
134,1,1,0,,2024-09-11 10:19:51,2024-09-11 10:19:51,34,384
135,1,1,0,,2024-09-11 10:19:51,2024-09-11 10:19:51,34,113
136,1,1,0,,2024-09-11 10:19:51,2024-09-11 10:19:51,34,313
137,1,1,0,,2024-09-11 10:19:51,2024-09-11 10:19:51,34,385
138,1,1,0,,2024-09-11 10:19:51,2024-09-11 10:19:51,34,118
139,1,1,0,,2024-09-11 10:19:51,2024-09-11 10:19:51,34,386
140,1,1,0,,2024-09-11 10:19:51,2024-09-11 10:19:51,34,387
141,3,2,0,,2024-09-11 10:19:51,2024-09-11 10:19:51,34,3
142,2,1,0,,2024-09-11 10:19:52,2024-09-11 10:19:52,35,388
143,2,1,0,,2024-09-11 10:19:52,2024-09-11 10:19:52,35,389
144,3,2,0,,2024-09-11 10:19:52,2024-09-11 10:19:52,35,390
145,2,1,0,,2024-09-11 10:19:52,2024-09-11 10:19:52,35,391
146,2,1,0,,2024-09-11 10:19:52,2024-09-11 10:19:52,35,392
147,2,1,0,,2024-09-11 10:19:52,2024-09-11 10:19:52,35,89
148,3,2,0,,2024-09-11 10:19:52,2024-09-11 10:19:52,35,114
149,2,1,0,,2024-09-11 10:19:52,2024-09-11 10:19:52,35,393
150,2,1,0,,2024-09-11 10:19:52,2024-09-11 10:19:52,35,394
151,2,1,0,,2024-09-11 10:19:52,2024-09-11 10:19:52,35,387
152,2,1,0,,2024-09-11 10:19:52,2024-09-11 10:19:52,35,87
153,2,1,0,,2024-09-11 10:19:52,2024-09-11 10:19:52,35,334
154,2,1,0,,2024-09-11 10:19:52,2024-09-11 10:19:52,35,113
155,1,1,0,,2024-09-11 10:19:52,2024-09-11 10:19:52,35,291
156,1,1,0,,2024-09-11 10:19:52,2024-09-11 10:19:52,35,96
157,1,1,0,,2024-09-11 10:19:52,2024-09-11 10:19:52,35,111
158,1,1,0,,2024-09-11 10:19:52,2024-09-11 10:19:52,35,124
159,2,2,0,,2024-09-19 17:28:30,2024-09-19 17:28:30,36,19
160,2,1,0,,2024-09-19 17:28:30,2024-09-19 17:28:30,36,43
161,3,2,0,,2024-09-19 17:28:30,2024-09-19 17:28:30,36,265
162,1,1,0,,2024-09-19 17:28:30,2024-09-19 17:28:30,36,113
163,1,1,0,,2024-09-19 17:28:30,2024-09-19 17:28:30,36,114
164,2,2,0,,2024-09-19 17:28:30,2024-09-19 17:28:30,37,19
165,2,1,0,,2024-09-19 17:28:30,2024-09-19 17:28:30,37,265
166,2,1,0,,2024-09-19 17:28:30,2024-09-19 17:28:30,37,310
167,1,1,0,,2024-09-19 17:28:30,2024-09-19 17:28:30,37,114
168,1,1,0,,2024-09-19 17:28:30,2024-09-19 17:28:30,37,80
169,2,2,0,,2024-09-19 17:28:30,2024-09-19 17:28:30,38,19
170,2,2,0,,2024-09-19 17:28:30,2024-09-19 17:28:30,38,43
171,1,1,0,,2024-09-19 17:28:30,2024-09-19 17:28:30,38,114
172,1,1,0,,2024-09-19 17:28:30,2024-09-19 17:28:30,38,434
173,1,1,0,,2024-09-19 17:28:30,2024-09-19 17:28:30,38,79
174,1,1,0,,2024-09-19 17:28:30,2024-09-19 17:28:30,39,434
175,3,6,0,,2024-09-19 17:28:35,2024-09-19 17:28:35,40,19
176,3,6,0,,2024-09-19 17:28:35,2024-09-19 17:28:35,40,265
177,3,6,0,,2024-09-19 17:28:35,2024-09-19 17:28:35,40,112
178,3,6,0,,2024-09-19 17:28:35,2024-09-19 17:28:35,40,114
179,1,1,0,,2024-09-19 17:28:35,2024-09-19 17:28:35,40,113
180,3,6,0,,2024-09-19 17:28:35,2024-09-19 17:28:35,40,329
181,1,1,0,,2024-09-19 17:28:35,2024-09-19 17:28:35,40,408
182,0,0,0,,2024-09-19 17:28:35,2024-09-19 17:28:35,40,409
183,3,6,0,,2024-09-19 17:28:35,2024-09-19 17:28:35,41,19
184,2,1,0,,2024-09-19 17:28:35,2024-09-19 17:28:35,41,362
185,3,6,0,,2024-09-19 17:28:35,2024-09-19 17:28:35,41,112
186,3,6,0,,2024-09-19 17:28:35,2024-09-19 17:28:35,41,329
187,3,6,0,,2024-09-19 17:28:35,2024-09-19 17:28:35,41,114
188,1,1,0,,2024-09-19 17:28:35,2024-09-19 17:28:35,41,113
189,1,1,0,,2024-09-19 17:28:35,2024-09-19 17:28:35,42,442
190,2,1,0,,2024-09-19 17:28:35,2024-09-19 17:28:35,42,410
191,1,1,0,,2024-09-19 17:28:35,2024-09-19 17:28:35,42,411
192,3,6,0,,2024-09-19 17:28:35,2024-09-19 17:28:35,42,112
193,2,2,0,,2024-09-19 17:28:35,2024-09-19 17:28:35,42,265
194,1,1,0,,2024-09-19 17:28:35,2024-09-19 17:28:35,42,413
195,1,1,0,,2024-09-19 17:28:35,2024-09-19 17:28:35,42,311
196,3,6,0,,2024-09-19 17:28:35,2024-09-19 17:28:35,43,443
197,3,6,0,,2024-09-19 17:28:35,2024-09-19 17:28:35,43,265
198,2,2,0,,2024-09-19 17:28:35,2024-09-19 17:28:35,43,444
199,2,2,0,,2024-09-19 17:28:35,2024-09-19 17:28:35,43,329
200,2,2,0,,2024-09-19 17:28:35,2024-09-19 17:28:35,43,43
201,2,2,0,,2024-09-19 17:28:35,2024-09-19 17:28:35,44,445
202,2,2,0,,2024-09-19 17:28:35,2024-09-19 17:28:35,44,336
203,2,2,0,,2024-09-19 17:28:35,2024-09-19 17:28:35,44,415
204,2,2,0,,2024-09-19 17:28:35,2024-09-19 17:28:35,44,109
205,2,2,0,,2024-09-19 17:28:35,2024-09-19 17:28:35,44,112
206,2,2,0,,2024-09-19 17:28:35,2024-09-19 17:28:35,44,329
207,1,1,0,,2024-09-19 17:28:35,2024-09-19 17:28:35,44,446
208,2,2,0,,2024-09-19 17:28:35,2024-09-19 17:28:35,44,65
209,1,1,0,,2024-09-19 17:28:35,2024-09-19 17:28:35,44,419
210,1,1,0,,2024-09-19 17:28:35,2024-09-19 17:28:35,44,421
211,1,1,0,,2024-09-19 17:28:35,2024-09-19 17:28:35,44,268
212,1,1,0,,2024-09-19 17:28:35,2024-09-19 17:28:35,44,422
213,1,1,0,,2024-09-19 17:28:35,2024-09-19 17:28:35,44,423
214,2,2,0,,2024-09-19 17:38:41,2024-09-19 17:38:41,45,19
215,2,2,0,,2024-09-19 17:38:41,2024-09-19 17:38:41,45,265
216,2,2,0,,2024-09-19 17:38:41,2024-09-19 17:38:41,45,454
217,2,1,0,,2024-09-19 17:38:41,2024-09-19 17:38:41,46,19
218,2,1,0,,2024-09-19 17:38:41,2024-09-19 17:38:41,46,42
219,1,1,0,,2024-09-19 17:38:41,2024-09-19 17:38:41,46,80
220,1,1,0,,2024-09-19 17:38:41,2024-09-19 17:38:41,46,84
221,1,1,0,,2024-09-19 17:38:41,2024-09-19 17:38:41,46,387
222,3,2,0,,2024-09-19 17:38:41,2024-09-19 17:38:41,47,265
223,2,2,0,,2024-09-19 17:38:41,2024-09-19 17:38:41,47,55
224,3,2,0,,2024-09-19 17:38:41,2024-09-19 17:38:41,47,42
225,2,2,0,,2024-09-19 17:38:41,2024-09-19 17:38:41,47,455
226,2,2,0,,2024-09-19 17:38:41,2024-09-19 17:38:41,47,267
227,2,2,0,,2024-09-19 17:38:41,2024-09-19 17:38:41,47,338
228,2,2,0,,2024-09-19 17:38:41,2024-09-19 17:38:41,47,90
229,2,1,0,,2024-09-19 17:40:37,2024-09-19 17:40:37,48,19
230,2,1,0,,2024-09-19 17:40:37,2024-09-19 17:40:37,48,54
231,1,1,0,,2024-09-19 17:40:37,2024-09-19 17:40:37,48,43
232,1,1,0,,2024-09-19 17:40:37,2024-09-19 17:40:37,48,110
233,1,1,0,,2024-09-19 17:40:37,2024-09-19 17:40:37,48,456
234,1,1,0,,2024-09-19 17:40:37,2024-09-19 17:40:37,48,457
235,1,1,0,,2024-09-19 17:40:37,2024-09-19 17:40:37,48,360
236,1,1,0,,2024-09-19 17:40:37,2024-09-19 17:40:37,48,356
237,1,1,0,,2024-09-19 17:40:37,2024-09-19 17:40:37,48,212
238,1,1,0,,2024-09-19 17:40:37,2024-09-19 17:40:37,48,353
239,1,1,0,,2024-09-19 17:40:37,2024-09-19 17:40:37,48,114
240,2,1,0,,2024-09-19 17:40:37,2024-09-19 17:40:37,50,19
241,2,1,0,,2024-09-19 17:40:37,2024-09-19 17:40:37,50,54
242,1,1,0,,2024-09-19 17:40:37,2024-09-19 17:40:37,50,43
243,1,1,0,,2024-09-19 17:40:37,2024-09-19 17:40:37,50,114
244,1,1,0,,2024-09-19 17:40:37,2024-09-19 17:40:37,50,113
245,2,6,0,,2024-09-23 13:53:14,2024-09-23 13:53:14,53,459
246,2,6,0,,2024-09-23 13:53:14,2024-09-23 13:53:14,53,460
247,2,6,0,,2024-09-23 13:53:14,2024-09-23 13:53:14,53,461
248,2,6,0,,2024-09-23 13:53:14,2024-09-23 13:53:14,53,462
249,2,6,0,,2024-09-23 13:53:14,2024-09-23 13:53:14,53,463
250,2,6,0,,2024-09-23 13:53:14,2024-09-23 13:53:14,53,464
251,2,6,0,,2024-09-23 13:53:14,2024-09-23 13:53:14,53,465
252,2,6,0,,2024-09-23 13:53:14,2024-09-23 13:53:14,53,466
253,2,6,0,,2024-09-23 13:53:14,2024-09-23 13:53:14,53,467
254,3,2,0,,2024-09-30 16:53:50,2024-09-30 16:53:50,56,304
255,3,2,0,,2024-09-30 16:53:50,2024-09-30 16:53:50,56,474
256,3,2,0,,2024-09-30 16:53:50,2024-09-30 16:53:50,56,475
257,2,2,0,,2024-09-30 16:53:50,2024-09-30 16:53:50,56,482
258,1,0,0,,2024-09-30 16:53:50,2024-09-30 16:53:50,57,485
259,1,0,0,,2024-09-30 16:53:50,2024-09-30 16:53:50,57,486
260,1,0,0,,2024-09-30 16:53:50,2024-09-30 16:53:50,57,487
261,2,2,0,,2024-09-30 16:53:50,2024-09-30 16:53:50,58,473
262,2,2,0,,2024-09-30 16:53:50,2024-09-30 16:53:50,58,488
263,2,2,0,,2024-09-30 16:53:51,2024-09-30 16:53:51,58,489
264,2,2,0,,2024-09-30 16:53:51,2024-09-30 16:53:51,58,490
265,2,1,0,,2024-09-30 16:53:51,2024-09-30 16:53:51,59,491
266,2,1,0,,2024-09-30 16:53:51,2024-09-30 16:53:51,59,492
267,2,1,0,,2024-09-30 16:53:51,2024-09-30 16:53:51,59,493
268,3,2,0,,2024-10-23 09:20:20,2024-10-23 09:20:20,60,19
269,3,2,0,,2024-10-23 09:20:20,2024-10-23 09:20:20,60,440
270,2,2,0,,2024-10-23 09:20:20,2024-10-23 09:20:20,60,291
271,3,2,0,,2024-10-23 09:20:20,2024-10-23 09:20:20,61,19
272,3,2,0,,2024-10-23 09:20:20,2024-10-23 09:20:20,61,440
273,3,1,0,,2024-10-23 09:20:20,2024-10-23 09:20:20,61,114
274,3,2,0,,2024-10-23 09:20:20,2024-10-23 09:20:20,62,506
275,3,2,0,,2024-10-23 09:20:20,2024-10-23 09:20:20,62,497
276,1,0,0,,2024-11-08 15:00:40,2024-11-08 15:00:40,68,236
277,1,0,0,,2024-11-08 15:00:40,2024-11-08 15:00:40,68,237
278,1,0,0,,2024-11-08 15:00:40,2024-11-08 15:00:40,69,535
279,1,0,0,,2024-11-08 15:00:40,2024-11-08 15:00:40,69,536
280,3,3,0,,2024-11-08 15:01:04,2024-11-08 15:01:04,70,143
281,3,3,0,,2024-11-08 15:01:04,2024-11-08 15:01:04,70,546
282,3,3,0,,2024-11-08 15:01:04,2024-11-08 15:01:04,70,380
283,3,4,0,,2024-11-08 15:01:04,2024-11-08 15:01:04,71,476
284,3,4,0,,2024-11-08 15:01:04,2024-11-08 15:01:04,71,142
285,3,4,0,,2024-11-08 15:01:04,2024-11-08 15:01:04,71,547
286,2,2,0,,2024-11-08 15:01:04,2024-11-08 15:01:04,72,523
287,3,2,0,,2024-11-08 15:01:04,2024-11-08 15:01:04,72,548
288,2,2,0,,2024-11-08 15:01:04,2024-11-08 15:01:04,72,549
289,2,1,0,,2024-11-08 15:01:04,2024-11-08 15:01:04,73,550
290,3,1,0,,2024-11-08 15:01:04,2024-11-08 15:01:04,73,551
291,2,1,0,,2024-11-08 15:01:10,2024-11-08 15:01:10,76,42
292,2,1,0,,2024-11-08 15:01:10,2024-11-08 15:01:10,76,269
293,3,2,0,,2024-11-08 15:01:10,2024-11-08 15:01:10,76,264
294,3,2,0,,2024-11-08 15:01:10,2024-11-08 15:01:10,76,81
295,3,1,0,,2024-11-08 15:01:10,2024-11-08 15:01:10,77,42
296,3,1,0,,2024-11-08 15:01:10,2024-11-08 15:01:10,77,289
297,2,1,0,,2024-11-08 15:01:10,2024-11-08 15:01:10,77,81
298,3,1,0,,2024-11-08 15:01:10,2024-11-08 15:01:10,78,42
299,3,1,0,,2024-11-08 15:01:10,2024-11-08 15:01:10,78,281
300,3,1,0,,2024-11-08 15:01:10,2024-11-08 15:01:10,78,289
301,3,1,0,,2024-11-08 15:01:10,2024-11-08 15:01:10,79,552
302,3,1,0,,2024-11-08 15:01:10,2024-11-08 15:01:10,79,42
303,3,1,0,,2024-11-08 15:01:10,2024-11-08 15:01:10,79,289
304,1,1,0,,2024-11-08 15:01:30,2024-11-08 15:01:30,80,434
305,1,1,0,,2024-11-08 15:01:30,2024-11-08 15:01:30,80,539
306,3,2,0,,2024-11-08 15:01:30,2024-11-08 15:01:30,81,434
307,3,2,0,,2024-11-08 15:01:30,2024-11-08 15:01:30,81,374
308,3,2,0,,2024-11-08 15:01:30,2024-11-08 15:01:30,81,553
309,2,2,0,,2024-11-08 15:01:30,2024-11-08 15:01:30,81,143
310,3,1,0,,2024-11-08 15:01:30,2024-11-08 15:01:30,82,541
311,3,1,0,,2024-11-08 15:01:30,2024-11-08 15:01:30,82,554
312,2,2,0,,2024-11-12 10:01:43,2024-11-12 10:01:43,83,19
313,2,2,0,,2024-11-12 10:01:43,2024-11-12 10:01:43,83,288
314,2,2,0,,2024-11-12 10:01:43,2024-11-12 10:01:43,83,43
315,3,2,0,,2024-11-12 10:01:43,2024-11-12 10:01:43,83,555
316,2,2,0,,2024-11-12 10:01:43,2024-11-12 10:01:43,84,19
317,2,2,0,,2024-11-12 10:01:43,2024-11-12 10:01:43,84,265
318,2,2,0,,2024-11-12 10:01:43,2024-11-12 10:01:43,84,43
319,3,2,0,,2024-11-12 10:01:43,2024-11-12 10:01:43,84,555
320,3,2,0,,2024-11-12 10:01:43,2024-11-12 10:01:43,85,19
321,3,2,0,,2024-11-12 10:01:43,2024-11-12 10:01:43,85,440
322,3,2,0,,2024-11-12 10:01:43,2024-11-12 10:01:43,85,43
323,3,2,0,,2024-11-12 10:01:43,2024-11-12 10:01:43,85,44
324,1,1,0,,2024-11-12 10:01:43,2024-11-12 10:01:43,86,307
325,1,1,0,,2024-11-12 10:01:43,2024-11-12 10:01:43,86,22
326,3,2,0,,2024-11-12 10:01:43,2024-11-12 10:01:43,87,19
327,3,2,0,,2024-11-12 10:01:43,2024-11-12 10:01:43,87,440
328,3,2,0,,2024-11-12 10:01:43,2024-11-12 10:01:43,87,43
329,2,1,0,,2024-11-12 10:01:43,2024-11-12 10:01:43,87,307
330,2,1,0,,2024-11-12 10:01:43,2024-11-12 10:01:43,87,646
331,2,12,0,,2024-11-12 10:01:53,2024-11-12 10:01:53,88,19
332,2,12,0,,2024-11-12 10:01:53,2024-11-12 10:01:53,88,440
333,1,1,0,,2024-11-12 10:01:53,2024-11-12 10:01:53,88,91
334,2,12,0,,2024-11-12 10:01:53,2024-11-12 10:01:53,88,80
335,3,5,0,,2024-11-12 10:01:53,2024-11-12 10:01:53,89,407
336,3,5,0,,2024-11-12 10:01:53,2024-11-12 10:01:53,89,595
337,3,5,0,,2024-11-12 10:01:53,2024-11-12 10:01:53,89,82
338,2,2,0,,2024-11-12 10:01:53,2024-11-12 10:01:53,90,440
339,1,2,0,,2024-11-12 10:01:53,2024-11-12 10:01:53,90,362
340,2,2,0,,2024-11-12 10:01:53,2024-11-12 10:01:53,90,79
341,3,2,0,,2024-11-12 10:01:57,2024-11-12 10:01:57,91,19
342,1,2,0,,2024-11-12 10:01:57,2024-11-12 10:01:57,91,114
343,1,2,0,,2024-11-12 10:01:57,2024-11-12 10:01:57,91,209
344,1,2,0,,2024-11-12 10:01:57,2024-11-12 10:01:57,91,109
345,2,1,0,,2024-11-12 10:01:57,2024-11-12 10:01:57,92,265
346,3,1,0,,2024-11-12 10:01:57,2024-11-12 10:01:57,92,80
347,2,1,0,,2024-11-12 10:01:57,2024-11-12 10:01:57,92,114
348,3,1,0,,2024-11-12 10:01:57,2024-11-12 10:01:57,92,329
349,3,1,0,,2024-11-12 10:02:01,2024-11-12 10:02:01,93,19
350,2,0,0,,2024-11-12 10:02:01,2024-11-12 10:02:01,93,288
351,2,0,0,,2024-11-12 10:02:01,2024-11-12 10:02:01,93,21
352,3,1,0,,2024-11-12 10:02:01,2024-11-12 10:02:01,94,19
353,1,0,0,,2024-11-12 10:02:01,2024-11-12 10:02:01,94,287
354,2,0,0,,2024-11-12 10:02:01,2024-11-12 10:02:01,95,19
355,1,0,0,,2024-11-12 10:02:01,2024-11-12 10:02:01,95,265
356,1,0,0,,2024-11-12 10:02:01,2024-11-12 10:02:01,95,328
357,1,0,0,,2024-11-12 10:02:01,2024-11-12 10:02:01,95,410
358,3,4,0,,2024-11-12 10:02:03,2024-11-12 10:02:03,96,265
359,3,4,0,,2024-11-12 10:02:03,2024-11-12 10:02:03,96,42
360,3,4,0,,2024-11-12 10:02:03,2024-11-12 10:02:03,96,353
361,3,4,0,,2024-11-12 10:02:03,2024-11-12 10:02:03,96,114
362,3,4,0,,2024-11-12 10:02:03,2024-11-12 10:02:03,96,450
363,3,4,0,,2024-11-12 10:02:03,2024-11-12 10:02:03,96,573
364,3,4,0,,2024-11-12 10:02:03,2024-11-12 10:02:03,96,496
365,2,2,0,,2024-11-12 10:02:03,2024-11-12 10:02:03,96,387
366,3,4,0,,2024-11-12 10:02:03,2024-11-12 10:02:03,96,329
367,3,3,0,,2024-11-12 10:02:03,2024-11-12 10:02:03,97,265
368,2,3,0,,2024-11-12 10:02:03,2024-11-12 10:02:03,97,310
369,2,3,0,,2024-11-12 10:02:03,2024-11-12 10:02:03,97,267
370,3,3,0,,2024-11-12 10:02:03,2024-11-12 10:02:03,97,329
371,3,3,0,,2024-11-12 10:02:03,2024-11-12 10:02:03,98,440
372,2,3,0,,2024-11-12 10:02:03,2024-11-12 10:02:03,98,310
373,3,3,0,,2024-11-12 10:02:03,2024-11-12 10:02:03,98,353
374,3,2,0,,2024-11-12 10:02:03,2024-11-12 10:02:03,99,265
375,3,2,0,,2024-11-12 10:02:03,2024-11-12 10:02:03,99,310
376,3,2,0,,2024-11-12 10:02:03,2024-11-12 10:02:03,99,89
377,3,2,0,,2024-11-12 10:02:03,2024-11-12 10:02:03,99,267
378,3,2,0,,2024-11-12 10:02:06,2024-11-12 10:02:06,100,19
379,3,2,0,,2024-11-12 10:02:06,2024-11-12 10:02:06,100,440
380,3,2,0,,2024-11-12 10:02:06,2024-11-12 10:02:06,100,410
381,3,2,0,,2024-11-12 10:02:06,2024-11-12 10:02:06,100,114
382,3,2,0,,2024-11-12 10:02:06,2024-11-12 10:02:06,100,113
383,2,1,0,,2024-11-12 10:02:06,2024-11-12 10:02:06,100,362
384,3,2,0,,2024-11-12 10:02:06,2024-11-12 10:02:06,100,110
385,3,2,0,,2024-11-12 10:02:06,2024-11-12 10:02:06,100,105
386,2,0,0,,2024-11-12 10:02:06,2024-11-12 10:02:06,101,43
387,2,0,0,,2024-11-12 10:02:06,2024-11-12 10:02:06,101,440
388,2,0,0,,2024-11-12 10:02:06,2024-11-12 10:02:06,102,54
389,2,0,0,,2024-11-12 10:02:06,2024-11-12 10:02:06,102,79
390,2,2,0,,2024-11-12 10:02:31,2024-11-12 10:02:31,103,19
391,1,1,0,,2024-11-12 10:02:31,2024-11-12 10:02:31,103,265
392,3,1,0,,2024-11-12 10:02:31,2024-11-12 10:02:31,104,619
393,3,3,0,,2024-11-12 10:02:31,2024-11-12 10:02:31,105,654
394,2,0,0,,2024-11-12 10:02:31,2024-11-12 10:02:31,106,619
395,3,2,0,,2024-11-12 10:02:31,2024-11-12 10:02:31,107,654
396,2,2,0,,2024-11-12 10:02:31,2024-11-12 10:02:31,107,440
397,3,1,0,,2024-11-12 10:02:35,2024-11-12 10:02:35,108,19
398,3,1,0,,2024-11-12 10:02:35,2024-11-12 10:02:35,108,265
399,3,1,0,,2024-11-12 10:02:35,2024-11-12 10:02:35,108,35
400,3,1,0,,2024-11-12 10:02:35,2024-11-12 10:02:35,108,36
401,3,1,0,,2024-11-12 10:02:35,2024-11-12 10:02:35,108,28
402,1,1,0,,2024-11-12 10:02:35,2024-11-12 10:02:35,108,80
403,3,1,0,,2024-11-12 10:02:35,2024-11-12 10:02:35,109,19
404,2,1,0,,2024-11-12 10:02:35,2024-11-12 10:02:35,109,288
405,2,1,0,,2024-11-12 10:02:35,2024-11-12 10:02:35,109,310
406,2,1,0,,2024-11-12 10:02:35,2024-11-12 10:02:35,109,47
407,2,1,0,,2024-11-12 10:02:35,2024-11-12 10:02:35,109,630
408,3,1,0,,2024-11-12 10:02:35,2024-11-12 10:02:35,109,79
409,3,2,0,,2024-11-12 10:02:35,2024-11-12 10:02:35,110,19
410,2,2,0,,2024-11-12 10:02:35,2024-11-12 10:02:35,110,440
411,2,2,0,,2024-11-12 10:02:35,2024-11-12 10:02:35,110,335
412,2,2,0,,2024-11-12 10:02:35,2024-11-12 10:02:35,110,79
413,1,1,0,,2024-11-12 10:02:35,2024-11-12 10:02:35,110,635
414,1,1,0,,2024-11-12 10:02:35,2024-11-12 10:02:35,110,639
415,3,2,0,,2024-11-12 10:02:35,2024-11-12 10:02:35,111,19
416,2,2,0,,2024-11-12 10:02:35,2024-11-12 10:02:35,111,288
417,2,2,0,,2024-11-12 10:02:35,2024-11-12 10:02:35,111,310
418,2,2,0,,2024-11-12 10:02:35,2024-11-12 10:02:35,111,79
419,3,7,0,,2024-11-12 10:02:55,2024-11-12 10:02:55,112,654
420,3,7,0,,2024-11-12 10:02:55,2024-11-12 10:02:55,112,440
421,2,5,0,,2024-11-12 10:02:55,2024-11-12 10:02:55,112,82
422,2,5,0,,2024-11-12 10:02:55,2024-11-12 10:02:55,112,287
423,2,5,0,,2024-11-12 10:02:55,2024-11-12 10:02:55,112,65
424,3,5,0,,2024-11-12 10:02:55,2024-11-12 10:02:55,113,654
425,3,5,0,,2024-11-12 10:02:55,2024-11-12 10:02:55,113,440
426,2,5,0,,2024-11-12 10:02:55,2024-11-12 10:02:55,113,212
427,3,5,0,,2024-11-12 10:02:55,2024-11-12 10:02:55,113,43
428,3,4,0,,2024-11-12 10:02:55,2024-11-12 10:02:55,114,655
429,3,4,0,,2024-11-12 10:02:55,2024-11-12 10:02:55,114,65
430,3,2,0,,2024-11-14 20:01:17,2024-11-14 20:01:17,115,459
431,3,2,0,,2024-11-14 20:01:17,2024-11-14 20:01:17,115,656
432,3,2,0,,2024-11-14 20:01:17,2024-11-14 20:01:17,115,657
433,3,2,0,,2024-11-14 20:01:17,2024-11-14 20:01:17,115,461
434,3,2,0,,2024-11-14 20:01:17,2024-11-14 20:01:17,115,658
435,3,2,0,,2024-11-14 20:01:17,2024-11-14 20:01:17,115,659
436,3,2,0,,2024-11-14 20:01:17,2024-11-14 20:01:17,115,660
437,3,2,0,,2024-11-14 20:01:17,2024-11-14 20:01:17,115,661
438,3,2,0,,2024-11-14 20:01:17,2024-11-14 20:01:17,115,662
439,3,2,0,,2024-11-14 20:01:17,2024-11-14 20:01:17,115,467
440,3,3,0,,2024-11-14 20:06:44,2024-11-14 20:06:44,116,21
441,3,3,0,,2024-11-14 20:06:44,2024-11-14 20:06:44,116,42
442,3,3,0,,2024-11-14 20:06:44,2024-11-14 20:06:44,116,36
443,2,1,0,,2024-11-14 20:06:44,2024-11-14 20:06:44,116,49
444,2,1,0,,2024-11-14 20:06:44,2024-11-14 20:06:44,116,63
445,2,1,0,,2024-11-14 20:06:44,2024-11-14 20:06:44,116,384
446,2,1,0,,2024-11-14 20:06:44,2024-11-14 20:06:44,116,113
447,2,1,0,,2024-11-14 20:06:44,2024-11-14 20:06:44,116,313
448,2,1,0,,2024-11-14 20:06:44,2024-11-14 20:06:44,116,385
449,2,1,0,,2024-11-14 20:06:44,2024-11-14 20:06:44,116,118
450,2,1,0,,2024-11-14 20:06:44,2024-11-14 20:06:44,116,386
451,2,1,0,,2024-11-14 20:06:44,2024-11-14 20:06:44,116,387
452,3,3,0,,2024-11-14 20:06:44,2024-11-14 20:06:44,116,3
453,2,1,0,,2024-11-14 20:07:33,2024-11-14 20:07:33,117,388
454,2,1,0,,2024-11-14 20:07:33,2024-11-14 20:07:33,117,389
455,2,1,0,,2024-11-14 20:07:33,2024-11-14 20:07:33,117,390
456,1,1,0,,2024-11-14 20:07:33,2024-11-14 20:07:33,117,391
457,1,1,0,,2024-11-14 20:07:33,2024-11-14 20:07:33,117,663
458,2,1,0,,2024-11-14 20:07:33,2024-11-14 20:07:33,117,114
459,1,1,0,,2024-11-14 20:07:33,2024-11-14 20:07:33,117,393
460,1,1,0,,2024-11-14 20:07:33,2024-11-14 20:07:33,117,394
461,1,1,0,,2024-11-14 20:07:33,2024-11-14 20:07:33,117,387
462,1,1,0,,2024-11-14 20:07:33,2024-11-14 20:07:33,117,87
463,1,1,0,,2024-11-14 20:07:33,2024-11-14 20:07:33,117,334
464,1,1,0,,2024-11-14 20:07:33,2024-11-14 20:07:33,117,113
465,1,1,0,,2024-11-14 20:07:33,2024-11-14 20:07:33,117,291
466,1,1,0,,2024-11-14 20:07:33,2024-11-14 20:07:33,117,664
467,1,1,0,,2024-11-14 20:07:33,2024-11-14 20:07:33,117,96
468,1,1,0,,2024-11-14 20:07:33,2024-11-14 20:07:33,117,111
469,1,1,0,,2024-11-14 20:07:33,2024-11-14 20:07:33,117,124
509,3,1,0,,2024-12-11 11:08:49,2024-12-11 11:08:49,123,691
510,3,1,0,,2024-12-11 11:08:49,2024-12-11 11:08:49,123,138
511,3,3,0,,2024-12-11 11:08:49,2024-12-11 11:08:49,124,692
512,3,3,0,,2024-12-11 11:08:49,2024-12-11 11:08:49,124,682
513,3,3,0,,2024-12-11 11:08:49,2024-12-11 11:08:49,124,693
514,3,1,0,,2024-12-11 11:08:49,2024-12-11 11:08:49,125,138
515,3,1,0,,2024-12-11 11:08:49,2024-12-11 11:08:49,125,694
564,2,2,0,,2024-12-16 10:29:18,2024-12-16 10:29:18,129,724
565,2,2,0,,2024-12-16 10:29:18,2024-12-16 10:29:18,129,729
566,2,2,0,,2024-12-16 10:29:18,2024-12-16 10:29:18,129,773
567,1,1,0,,2024-12-16 10:29:18,2024-12-16 10:29:18,130,370
568,1,1,0,,2024-12-16 10:29:18,2024-12-16 10:29:18,130,774
569,1,1,0,,2024-12-16 10:29:18,2024-12-16 10:29:18,131,370
570,1,1,0,,2024-12-16 10:29:18,2024-12-16 10:29:18,131,775
571,1,1,0,,2024-12-16 10:29:18,2024-12-16 10:29:18,132,732
572,1,1,0,,2024-12-16 10:29:18,2024-12-16 10:29:18,132,434
573,1,1,0,,2024-12-16 10:29:18,2024-12-16 10:29:18,132,108
574,3,1,0,,2024-12-16 10:29:29,2024-12-16 10:29:29,133,20
575,1,1,0,,2024-12-16 10:29:29,2024-12-16 10:29:29,133,753
576,3,1,0,,2024-12-16 10:29:29,2024-12-16 10:29:29,134,780
577,3,1,0,,2024-12-16 10:29:29,2024-12-16 10:29:29,134,759
578,2,1,0,,2024-12-16 10:29:29,2024-12-16 10:29:29,135,307
579,1,1,0,,2024-12-16 10:29:29,2024-12-16 10:29:29,135,755
580,1,1,0,,2024-12-16 10:29:29,2024-12-16 10:29:29,135,758
581,3,2,0,,2024-12-16 10:29:34,2024-12-16 10:29:34,136,20
582,2,2,0,,2024-12-16 10:29:34,2024-12-16 10:29:34,136,434
583,2,2,0,,2024-12-16 10:29:34,2024-12-16 10:29:34,136,724
584,1,1,0,,2024-12-16 10:29:34,2024-12-16 10:29:34,136,739
585,1,1,0,,2024-12-16 10:29:34,2024-12-16 10:29:34,136,742
586,1,1,0,,2024-12-16 10:29:34,2024-12-16 10:29:34,136,773
587,2,1,0,,2024-12-16 10:29:34,2024-12-16 10:29:34,137,20
588,1,1,0,,2024-12-16 10:29:34,2024-12-16 10:29:34,137,744
589,1,1,0,,2024-12-16 10:29:34,2024-12-16 10:29:34,137,745
590,1,1,0,,2024-12-16 10:29:34,2024-12-16 10:29:34,137,806
591,1,1,0,,2024-12-16 10:29:34,2024-12-16 10:29:34,137,541
592,2,1,0,,2024-12-16 10:29:34,2024-12-16 10:29:34,138,20
593,1,1,0,,2024-12-16 10:29:34,2024-12-16 10:29:34,138,59
594,1,1,0,,2024-12-16 10:29:34,2024-12-16 10:29:34,138,108
595,1,1,0,,2024-12-16 10:29:34,2024-12-16 10:29:34,138,209
596,1,1,0,,2024-12-16 10:29:34,2024-12-16 10:29:34,138,35
597,1,1,0,,2024-12-16 10:29:34,2024-12-16 10:29:34,138,36
598,3,1,0,,2024-12-16 10:29:34,2024-12-16 10:29:34,139,554
599,1,1,0,,2024-12-16 10:29:34,2024-12-16 10:29:34,139,648
600,2,1,0,,2024-12-16 10:29:34,2024-12-16 10:29:34,139,20
601,1,1,0,,2024-12-16 10:29:34,2024-12-16 10:29:34,139,19
602,1,1,0,,2024-12-16 10:29:34,2024-12-16 10:29:34,139,749
603,1,1,0,,2024-12-16 10:29:34,2024-12-16 10:29:34,139,114
604,1,1,0,,2024-12-16 10:29:34,2024-12-16 10:29:34,139,113
605,3,2,0,,2024-12-16 10:29:42,2024-12-16 10:29:42,140,27
606,3,2,0,,2024-12-16 10:29:42,2024-12-16 10:29:42,140,20
607,3,2,0,,2024-12-16 10:29:42,2024-12-16 10:29:42,140,209
608,3,2,0,,2024-12-16 10:29:42,2024-12-16 10:29:42,140,434
609,2,1,0,,2024-12-16 10:29:42,2024-12-16 10:29:42,141,434
610,2,1,0,,2024-12-16 10:29:42,2024-12-16 10:29:42,142,724
611,2,1,0,,2024-12-16 10:29:42,2024-12-16 10:29:42,142,808
612,3,3,0,,2024-12-16 10:29:48,2024-12-16 10:29:48,143,20
613,3,3,0,,2024-12-16 10:29:48,2024-12-16 10:29:48,143,374
614,3,3,0,,2024-12-16 10:29:48,2024-12-16 10:29:48,144,725
615,3,3,0,,2024-12-16 10:29:48,2024-12-16 10:29:48,144,756
616,3,1,0,,2024-12-16 10:29:49,2024-12-16 10:29:49,145,783
617,3,1,0,,2024-12-16 10:29:49,2024-12-16 10:29:49,145,785
618,3,1,0,,2024-12-16 10:29:49,2024-12-16 10:29:49,145,809
619,3,1,0,,2024-12-16 10:29:49,2024-12-16 10:29:49,145,20
620,3,1,0,,2024-12-16 10:29:49,2024-12-16 10:29:49,146,783
621,3,1,0,,2024-12-16 10:29:49,2024-12-16 10:29:49,147,37
622,3,1,0,,2024-12-16 10:29:49,2024-12-16 10:29:49,147,22
623,3,1,0,,2024-12-16 10:29:49,2024-12-16 10:29:49,147,555
624,3,1,0,,2024-12-16 10:29:49,2024-12-16 10:29:49,148,644
625,3,1,0,,2024-12-16 10:29:49,2024-12-16 10:29:49,148,22
626,1,0,0,,2024-12-17 09:27:08,2024-12-17 09:27:08,149,794
627,1,0,0,,2024-12-17 09:27:08,2024-12-17 09:27:08,149,811
628,1,0,0,,2024-12-17 09:27:08,2024-12-17 09:27:08,149,818
629,1,0,0,,2024-12-17 09:27:08,2024-12-17 09:27:08,149,810
630,1,0,0,,2024-12-17 09:27:08,2024-12-17 09:27:08,150,316
631,1,0,0,,2024-12-17 09:27:08,2024-12-17 09:27:08,150,317
632,2,1,0,,2024-12-17 10:36:32,2024-12-17 10:36:32,151,820
633,2,1,0,,2024-12-17 10:36:32,2024-12-17 10:36:32,151,321
634,1,0,0,,2024-12-17 10:36:32,2024-12-17 10:36:32,152,826
635,1,0,0,,2024-12-17 10:36:32,2024-12-17 10:36:32,152,96
636,2,1,0,,2024-12-17 10:36:32,2024-12-17 10:36:32,153,20
637,2,1,0,,2024-12-17 10:36:32,2024-12-17 10:36:32,153,27
638,2,1,0,,2024-12-17 10:36:32,2024-12-17 10:36:32,154,825
639,1,0,0,,2024-12-17 10:36:32,2024-12-17 10:36:32,155,22
640,1,0,0,,2024-12-17 10:36:32,2024-12-17 10:36:32,155,79
641,3,1,0,,2024-12-17 10:37:20,2024-12-17 10:37:20,156,832
642,2,1,0,,2024-12-17 10:37:20,2024-12-17 10:37:20,156,326
643,3,1,0,,2024-12-17 10:37:20,2024-12-17 10:37:20,156,80
644,2,1,0,,2024-12-17 10:37:20,2024-12-17 10:37:20,156,59
645,2,1,0,,2024-12-17 10:37:20,2024-12-17 10:37:20,156,20
646,2,1,0,,2024-12-17 10:37:20,2024-12-17 10:37:20,157,20
647,2,1,0,,2024-12-17 10:37:20,2024-12-17 10:37:20,157,836
648,3,1,0,,2024-12-17 10:37:20,2024-12-17 10:37:20,158,326
649,2,1,0,,2024-12-17 10:37:20,2024-12-17 10:37:20,158,846
650,1,0,0,,2024-12-17 10:37:20,2024-12-17 10:37:20,158,113
651,2,0,0,,2024-12-18 09:53:10,2024-12-18 09:53:10,159,857
652,2,0,0,,2024-12-18 09:53:10,2024-12-18 09:53:10,160,854
653,1,0,0,,2024-12-18 09:53:10,2024-12-18 09:53:10,161,853
654,2,0,0,,2024-12-18 09:53:10,2024-12-18 09:53:10,162,434
655,3,1,0,,2024-12-19 16:29:47,2024-12-19 16:29:47,163,866
656,3,1,0,,2024-12-19 16:29:47,2024-12-19 16:29:47,163,861
657,3,1,0,,2024-12-19 16:29:47,2024-12-19 16:29:47,163,143
658,3,1,0,,2024-12-19 16:29:47,2024-12-19 16:29:47,164,867
659,3,1,0,,2024-12-19 16:29:47,2024-12-19 16:29:47,164,858
660,3,1,0,,2024-12-19 16:29:47,2024-12-19 16:29:47,164,138
661,3,0,0,,2024-12-19 16:29:47,2024-12-19 16:29:47,165,868
662,3,0,0,,2024-12-19 16:29:47,2024-12-19 16:29:47,165,340
663,3,0,0,,2024-12-19 16:29:47,2024-12-19 16:29:47,165,869
664,3,1,0,,2024-12-19 16:29:47,2024-12-19 16:29:47,166,870
665,3,1,0,,2024-12-19 16:29:47,2024-12-19 16:29:47,166,871
666,3,1,0,,2024-12-19 16:29:47,2024-12-19 16:29:47,166,872
667,3,1,0,,2024-12-19 16:29:47,2024-12-19 16:29:47,167,873
668,3,1,0,,2024-12-19 16:29:47,2024-12-19 16:29:47,167,874
669,3,1,0,,2024-12-19 16:29:47,2024-12-19 16:29:47,167,875
670,3,1,0,,2024-12-19 16:29:47,2024-12-19 16:29:47,168,876
671,3,1,0,,2024-12-19 16:29:47,2024-12-19 16:29:47,168,877
672,3,1,0,,2024-12-19 16:29:47,2024-12-19 16:29:47,168,878
673,3,1,0,,2024-12-19 16:29:47,2024-12-19 16:29:47,169,879
674,3,1,0,,2024-12-19 16:29:47,2024-12-19 16:29:47,169,880
675,3,1,0,,2024-12-19 16:29:47,2024-12-19 16:29:47,169,881
676,3,4,0,,2024-12-19 16:29:47,2024-12-19 16:29:47,170,138
677,3,4,0,,2024-12-19 16:29:47,2024-12-19 16:29:47,170,858
678,3,4,0,,2024-12-19 16:29:47,2024-12-19 16:29:47,170,882
679,3,4,0,,2024-12-19 16:29:47,2024-12-19 16:29:47,170,381
680,3,4,0,,2024-12-19 16:29:47,2024-12-19 16:29:47,170,883
681,3,2,0,,2024-12-21 21:18:48,2024-12-21 21:18:48,128,138
682,3,2,0,,2024-12-21 21:18:48,2024-12-21 21:18:48,128,477
684,2,1,0,,2024-12-21 21:18:48,2024-12-21 21:18:48,128,248
685,2,1,0,,2024-12-21 21:18:48,2024-12-21 21:18:48,128,253
686,2,1,0,,2024-12-21 21:18:48,2024-12-21 21:18:48,128,884
687,2,1,0,,2024-12-21 21:18:48,2024-12-21 21:18:48,128,701
689,2,1,0,,2024-12-21 21:18:48,2024-12-21 21:18:48,128,3
690,3,1,0,,2024-12-21 21:18:57,2024-12-21 21:18:57,128,142
691,2,1,0,,2024-12-21 21:18:57,2024-12-21 21:18:57,128,885
692,3,2,0,,2024-12-21 21:18:57,2024-12-21 21:18:57,128,886
695,2,2,0,,2024-12-21 21:25:19,2024-12-21 21:25:19,128,209
696,3,3,0,,2024-12-21 21:29:39,2024-12-21 21:29:39,126,138
697,3,2,0,,2024-12-21 21:29:39,2024-12-21 21:29:39,126,455
698,3,2,0,,2024-12-21 21:29:39,2024-12-21 21:29:39,126,696
699,3,2,0,,2024-12-21 21:29:39,2024-12-21 21:29:39,126,697
700,3,2,0,,2024-12-21 21:29:39,2024-12-21 21:29:39,126,173
701,3,2,0,,2024-12-21 21:29:39,2024-12-21 21:29:39,126,888
703,3,2,0,,2024-12-21 21:29:39,2024-12-21 21:29:39,126,206
704,3,2,0,,2024-12-21 21:29:39,2024-12-21 21:29:39,126,216
705,3,2,0,,2024-12-21 21:29:39,2024-12-21 21:29:39,126,19
706,3,2,0,,2024-12-21 21:29:39,2024-12-21 21:29:39,126,253
707,2,1,0,,2024-12-21 21:29:39,2024-12-21 21:29:39,126,701
710,0,0,0,,2024-12-21 21:29:47,2024-12-21 21:29:47,126,698
711,1,1,0,,2024-12-21 21:29:47,2024-12-21 21:29:47,126,207
712,3,2,0,,2024-12-21 21:29:47,2024-12-21 21:29:47,126,248
716,3,1,0,,2024-12-21 21:29:58,2024-12-21 21:29:58,126,182
717,3,1,0,,2024-12-21 21:29:58,2024-12-21 21:29:58,126,892
720,3,1,0,,2024-12-21 21:29:58,2024-12-21 21:29:58,126,895
723,2,2,0,,2024-12-21 21:34:45,2024-12-21 21:34:45,126,209
724,3,2,0,,2024-12-21 21:40:57,2024-12-21 21:40:57,127,138
725,2,1,0,,2024-12-21 21:40:57,2024-12-21 21:40:57,127,142
726,2,1,0,,2024-12-21 21:40:57,2024-12-21 21:40:57,127,898
727,2,1,0,,2024-12-21 21:40:57,2024-12-21 21:40:57,127,381
728,1,1,0,,2024-12-21 21:40:57,2024-12-21 21:40:57,127,899
729,2,1,0,,2024-12-21 21:40:57,2024-12-21 21:40:57,127,477
731,2,1,0,,2024-12-21 21:40:57,2024-12-21 21:40:57,127,253
732,2,1,0,,2024-12-21 21:40:57,2024-12-21 21:40:57,127,701
733,2,1,0,,2024-12-21 21:40:57,2024-12-21 21:40:57,127,703
734,2,1,0,,2024-12-21 21:40:57,2024-12-21 21:40:57,127,3
735,3,2,0,,2024-12-21 21:41:11,2024-12-21 21:41:11,127,248
736,3,3,0,,2024-12-21 21:41:12,2024-12-21 21:41:12,127,705
737,3,2,0,,2024-12-21 21:41:12,2024-12-21 21:41:12,127,706
738,3,2,0,,2024-12-21 21:41:12,2024-12-21 21:41:12,127,717
739,3,2,0,,2024-12-21 21:41:12,2024-12-21 21:41:12,127,708
740,3,2,0,,2024-12-21 21:41:12,2024-12-21 21:41:12,127,900
741,3,2,0,,2024-12-21 21:41:12,2024-12-21 21:41:12,127,720
742,3,3,0,,2024-12-21 21:41:12,2024-12-21 21:41:12,127,710
743,3,3,0,,2024-12-21 21:41:12,2024-12-21 21:41:12,127,711
744,2,1,0,,2024-12-21 21:41:12,2024-12-21 21:41:12,127,901
745,2,1,0,,2024-12-21 21:41:12,2024-12-21 21:41:12,127,902
746,2,1,0,,2024-12-21 21:41:12,2024-12-21 21:41:12,127,903
747,2,1,0,,2024-12-21 21:41:26,2024-12-21 21:41:26,127,341
748,1,1,0,,2024-12-21 21:41:26,2024-12-21 21:41:26,127,660
749,0,0,0,,2024-12-21 21:41:27,2024-12-21 21:41:27,127,904
750,0,0,0,,2024-12-21 21:41:27,2024-12-21 21:41:27,127,905
751,1,1,0,,2024-12-21 21:41:27,2024-12-21 21:41:27,127,884
752,2,2,0,,2024-12-21 21:44:12,2024-12-21 21:44:12,127,209
753,0,0,0,,2024-12-21 21:49:44,2024-12-21 21:49:44,122,230
754,0,0,0,,2024-12-21 21:49:44,2024-12-21 21:49:44,122,701
755,0,0,0,,2024-12-21 21:49:44,2024-12-21 21:49:44,122,500
756,1,1,0,,2024-12-21 21:49:44,2024-12-21 21:49:44,122,676
757,1,1,0,,2024-12-21 21:49:44,2024-12-21 21:49:44,122,109
758,1,1,0,,2024-12-21 21:49:44,2024-12-21 21:49:44,122,112
759,1,1,0,,2024-12-21 21:49:44,2024-12-21 21:49:44,122,906
760,1,1,0,,2024-12-21 21:49:44,2024-12-21 21:49:44,122,907
761,1,1,0,,2024-12-21 21:49:44,2024-12-21 21:49:44,122,410
762,1,1,0,,2024-12-21 21:49:44,2024-12-21 21:49:44,122,221
763,1,1,0,,2024-12-21 21:49:44,2024-12-21 21:49:44,122,455
764,1,1,0,,2024-12-21 21:49:44,2024-12-21 21:49:44,122,450
765,1,1,0,,2024-12-21 21:49:44,2024-12-21 21:49:44,122,678
766,1,1,0,,2024-12-21 21:49:44,2024-12-21 21:49:44,122,31
767,1,1,0,,2024-12-21 21:49:44,2024-12-21 21:49:44,122,195
768,1,1,0,,2024-12-21 21:49:44,2024-12-21 21:49:44,122,19
769,1,1,0,,2024-12-21 21:49:45,2024-12-21 21:49:45,122,54
770,1,1,0,,2024-12-21 21:49:45,2024-12-21 21:49:45,122,209
771,3,2,0,,2024-12-21 21:49:45,2024-12-21 21:49:45,122,3
772,2,1,0,,2024-12-21 21:49:45,2024-12-21 21:49:45,122,908
773,2,1,0,,2024-12-21 21:49:45,2024-12-21 21:49:45,122,909
774,2,1,0,,2024-12-21 21:49:45,2024-12-21 21:49:45,122,140
775,2,1,0,,2024-12-21 21:49:45,2024-12-21 21:49:45,122,910
776,2,1,0,,2024-12-21 21:49:45,2024-12-21 21:49:45,122,911
777,2,1,0,,2024-12-21 21:49:45,2024-12-21 21:49:45,122,912
778,3,2,0,,2024-12-21 21:49:45,2024-12-21 21:49:45,122,913
779,2,1,0,,2024-12-21 21:49:45,2024-12-21 21:49:45,122,914
780,3,2,0,,2024-12-21 21:49:45,2024-12-21 21:49:45,122,231
781,2,1,0,,2024-12-21 21:49:45,2024-12-21 21:49:45,122,272
782,2,1,0,,2024-12-21 21:49:45,2024-12-21 21:49:45,122,429
783,2,1,0,,2024-12-21 21:49:45,2024-12-21 21:49:45,122,17
784,2,1,0,,2024-12-21 21:49:45,2024-12-21 21:49:45,122,915
785,2,1,0,,2024-12-21 21:49:45,2024-12-21 21:49:45,122,253
786,0,1,0,,2024-12-21 21:50:01,2024-12-21 21:50:01,122,451
787,0,1,0,,2024-12-21 21:50:01,2024-12-21 21:50:01,122,452
788,0,1,0,,2024-12-21 21:50:01,2024-12-21 21:50:01,122,677
789,2,1,0,,2024-12-21 21:50:19,2024-12-21 21:50:19,122,483
790,3,1,0,,2024-12-21 21:50:19,2024-12-21 21:50:19,122,916
792,2,1,0,,2024-12-21 21:50:19,2024-12-21 21:50:19,122,320
793,3,2,0,,2024-12-21 21:50:19,2024-12-21 21:50:19,122,918
794,3,1,0,,2024-12-21 21:50:20,2024-12-21 21:50:20,122,919
795,1,1,0,,2024-12-21 22:09:01,2024-12-21 22:09:01,121,230
796,2,1,0,,2024-12-21 22:09:01,2024-12-21 22:09:01,121,666
797,2,1,0,,2024-12-21 22:09:01,2024-12-21 22:09:01,121,920
798,2,1,0,,2024-12-21 22:09:01,2024-12-21 22:09:01,121,145
799,2,1,0,,2024-12-21 22:09:01,2024-12-21 22:09:01,121,148
800,2,1,0,,2024-12-21 22:09:01,2024-12-21 22:09:01,121,669
801,1,1,0,,2024-12-21 22:09:01,2024-12-21 22:09:01,121,147
802,1,1,0,,2024-12-21 22:09:01,2024-12-21 22:09:01,121,670
803,2,1,0,,2024-12-21 22:09:01,2024-12-21 22:09:01,121,381
804,1,1,0,,2024-12-21 22:09:01,2024-12-21 22:09:01,121,500
805,1,1,0,,2024-12-21 22:09:01,2024-12-21 22:09:01,121,96
806,1,1,0,,2024-12-21 22:09:01,2024-12-21 22:09:01,121,203
807,3,2,0,,2024-12-21 22:09:01,2024-12-21 22:09:01,121,477
808,2,1,0,,2024-12-21 22:09:01,2024-12-21 22:09:01,121,108
809,0,0,0,,2024-12-21 22:09:01,2024-12-21 22:09:01,121,20
810,3,2,0,,2024-12-21 22:09:01,2024-12-21 22:09:01,121,3
811,2,1,0,,2024-12-21 22:09:01,2024-12-21 22:09:01,121,921
812,2,1,0,,2024-12-21 22:09:01,2024-12-21 22:09:01,121,248
813,1,1,0,,2024-12-21 22:09:01,2024-12-21 22:09:01,121,922
814,2,1,0,,2024-12-21 22:09:11,2024-12-21 22:09:11,121,150
815,1,1,0,,2024-12-21 22:09:11,2024-12-21 22:09:11,121,923
817,2,1,0,,2024-12-21 22:09:11,2024-12-21 22:09:11,121,672
818,2,1,0,,2024-12-21 22:09:12,2024-12-21 22:09:12,121,924
820,2,1,0,,2024-12-21 22:09:12,2024-12-21 22:09:12,121,469
821,2,1,0,,2024-12-21 22:09:12,2024-12-21 22:09:12,121,926
822,2,1,0,,2024-12-21 22:09:12,2024-12-21 22:09:12,121,252
823,2,1,0,,2024-12-21 22:09:12,2024-12-21 22:09:12,121,927
824,3,2,0,,2024-12-21 22:09:19,2024-12-21 22:09:19,121,928
825,3,2,0,,2024-12-21 22:09:19,2024-12-21 22:09:19,121,253
826,2,1,0,,2024-12-21 22:09:19,2024-12-21 22:09:19,121,461
827,2,1,0,,2024-12-21 22:09:19,2024-12-21 22:09:19,121,465
828,2,1,0,,2024-12-21 22:09:19,2024-12-21 22:09:19,121,929
829,3,3,0,,2024-12-21 22:15:48,2024-12-21 22:15:48,171,20
830,3,3,0,,2024-12-21 22:15:48,2024-12-21 22:15:48,171,21
831,0,0,0,,2024-12-21 22:15:48,2024-12-21 22:15:48,171,19
832,0,0,0,,2024-12-21 22:15:48,2024-12-21 22:15:48,171,17
833,2,1,0,,2024-12-21 22:15:48,2024-12-21 22:15:48,171,930
834,2,1,0,,2024-12-21 22:15:48,2024-12-21 22:15:48,171,369
835,1,1,0,,2024-12-21 22:15:48,2024-12-21 22:15:48,171,919
836,3,3,0,,2024-12-21 22:15:48,2024-12-21 22:15:48,171,370
837,2,3,0,,2024-12-21 22:15:48,2024-12-21 22:15:48,171,931
839,2,1,0,,2024-12-21 22:15:48,2024-12-21 22:15:48,171,470
840,1,1,0,,2024-12-21 22:15:48,2024-12-21 22:15:48,171,660
841,2,1,0,,2024-12-21 22:15:49,2024-12-21 22:15:49,171,908
842,3,5,0,,2024-12-21 22:15:57,2024-12-21 22:15:57,172,737
843,3,5,0,,2024-12-21 22:15:57,2024-12-21 22:15:57,172,369
844,3,5,0,,2024-12-21 22:15:57,2024-12-21 22:15:57,172,736
845,3,5,0,,2024-12-21 22:15:57,2024-12-21 22:15:57,172,434
846,3,5,0,,2024-12-21 22:15:57,2024-12-21 22:15:57,172,20
847,3,5,0,,2024-12-21 22:15:57,2024-12-21 22:15:57,172,27
848,3,5,0,,2024-12-21 22:15:57,2024-12-21 22:15:57,172,725
849,0,0,0,,2024-12-21 22:15:57,2024-12-21 22:15:57,171,783
850,3,5,0,,2024-12-21 22:15:57,2024-12-21 22:15:57,172,470
851,3,5,0,,2024-12-21 22:15:57,2024-12-21 22:15:57,172,253
852,2,1,0,,2024-12-21 22:15:57,2024-12-21 22:15:57,171,249
853,3,5,0,,2024-12-21 22:15:57,2024-12-21 22:15:57,172,476
854,1,1,0,,2024-12-21 22:15:57,2024-12-21 22:15:57,171,933
855,3,3,0,,2024-12-21 22:16:02,2024-12-21 22:16:02,172,934
856,3,5,0,,2024-12-21 22:16:02,2024-12-21 22:16:02,172,935
857,3,3,0,,2024-12-21 22:16:02,2024-12-21 22:16:02,172,936
859,3,2,0,,2024-12-22 14:28:23,2024-12-22 14:28:23,173,937
860,3,2,0,,2024-12-22 14:28:23,2024-12-22 14:28:23,173,229
861,3,2,0,,2024-12-22 14:28:24,2024-12-22 14:28:24,173,938
862,3,2,0,,2024-12-22 14:28:24,2024-12-22 14:28:24,173,939
863,3,2,0,,2024-12-22 14:28:24,2024-12-22 14:28:24,173,940
864,3,2,0,,2024-12-22 14:28:24,2024-12-22 14:28:24,173,3
867,3,2,0,,2024-12-22 14:29:33,2024-12-22 14:29:33,174,942
868,3,2,0,,2024-12-22 14:29:33,2024-12-22 14:29:33,174,229
869,3,2,0,,2024-12-22 14:29:33,2024-12-22 14:29:33,174,943
870,3,2,0,,2024-12-22 14:29:33,2024-12-22 14:29:33,174,3
871,3,2,0,,2024-12-22 14:29:33,2024-12-22 14:29:33,174,248
872,2,2,0,,2024-12-22 14:57:17,2024-12-22 14:57:17,175,3
873,2,3,0,,2024-12-22 14:57:17,2024-12-22 14:57:17,175,138
874,3,5,0,,2024-12-22 15:09:42,2024-12-22 15:14:42,176,3
875,3,5,1,,2024-12-22 15:19:32,2024-12-22 15:19:41,177,3
876,3,5,1,,2024-12-22 15:24:23,2024-12-22 15:24:29,179,3
877,3,5,1,,2024-12-22 15:25:48,2024-12-22 15:25:48,178,3
878,3,17,0,,2024-12-22 15:37:09,2024-12-22 15:37:09,180,138
879,3,20,0,,2024-12-22 15:37:09,2024-12-22 15:37:09,180,953
880,2,5,0,,2024-12-22 15:37:09,2024-12-22 15:37:09,180,947
881,3,17,0,,2024-12-22 15:37:09,2024-12-22 15:37:09,181,138
882,3,17,0,,2024-12-22 15:37:09,2024-12-22 15:37:09,181,937
883,2,3,0,,2024-12-22 15:37:09,2024-12-22 15:37:09,181,248
884,3,17,0,,2024-12-22 15:37:09,2024-12-22 15:37:09,182,138
885,3,2,0,,2024-12-22 15:37:09,2024-12-22 15:37:09,182,954
886,2,2,0,,2024-12-22 15:37:09,2024-12-22 15:37:09,182,31
887,3,22,0,,2024-12-22 15:37:42,2024-12-22 15:37:42,183,146
888,2,1,0,,2024-12-22 15:37:42,2024-12-22 15:37:42,184,163
889,3,20,0,,2024-12-22 15:37:42,2024-12-22 15:37:42,185,142
890,1,2,0,,2024-12-22 15:37:42,2024-12-22 15:37:42,186,962
891,3,6,0,,2024-12-22 15:41:25,2024-12-22 15:41:25,187,31
892,3,5,0,,2024-12-22 15:41:25,2024-12-22 15:41:25,187,104
893,3,6,0,,2024-12-22 15:41:25,2024-12-22 15:41:25,187,138
894,3,5,0,,2024-12-22 15:41:25,2024-12-22 15:41:25,188,138
895,3,5,0,,2024-12-22 15:41:25,2024-12-22 15:41:25,188,104
896,3,5,0,,2024-12-22 15:41:25,2024-12-22 15:41:25,188,949
897,3,4,0,,2024-12-22 15:41:25,2024-12-22 15:41:25,189,31
898,3,4,0,,2024-12-22 15:41:25,2024-12-22 15:41:25,189,138
899,3,4,0,,2024-12-22 15:41:26,2024-12-22 15:41:26,189,949
900,3,4,0,,2024-12-22 15:50:02,2024-12-22 15:50:02,190,138
901,3,3,0,,2024-12-22 15:50:02,2024-12-22 15:50:02,190,31
902,3,2,0,,2024-12-22 15:50:02,2024-12-22 15:50:02,191,31
903,3,2,0,,2024-12-22 15:50:02,2024-12-22 15:50:02,191,138
904,3,2,0,,2024-12-22 15:50:02,2024-12-22 15:50:02,192,31
905,3,2,0,,2024-12-22 15:50:02,2024-12-22 15:50:02,192,138
906,1,0,0,,2024-12-22 15:52:07,2024-12-22 15:52:07,201,278
907,1,0,0,,2024-12-22 15:52:07,2024-12-22 15:52:07,201,651
908,2,2,0,,2024-12-22 15:52:07,2024-12-22 15:52:07,202,996
909,3,1,0,,2024-12-22 15:52:07,2024-12-22 15:52:07,203,303
910,1,1,0,,2024-12-22 15:52:07,2024-12-22 15:52:07,203,31
911,3,1,0,,2024-12-22 15:52:07,2024-12-22 15:52:07,203,991
912,2,0,0,,2024-12-22 15:52:07,2024-12-22 15:52:07,204,997
913,1,0,0,,2024-12-22 15:52:08,2024-12-22 15:52:08,204,998
914,3,1,0,,2024-12-22 15:52:08,2024-12-22 15:52:08,205,682
915,2,1,0,,2024-12-22 15:52:08,2024-12-22 15:52:08,205,989
916,3,5,0,,2024-12-22 15:52:53,2024-12-22 15:52:53,206,138
917,3,5,0,,2024-12-22 15:52:53,2024-12-22 15:52:53,206,1006
918,3,3,0,,2024-12-22 15:52:53,2024-12-22 15:52:53,207,138
919,2,1,0,,2024-12-22 15:52:53,2024-12-22 15:52:53,207,31
920,2,1,0,,2024-12-22 15:52:53,2024-12-22 15:52:53,208,540
921,3,2,0,,2024-12-22 15:52:53,2024-12-22 15:52:53,209,138
922,1,0,0,,2024-12-22 15:52:53,2024-12-22 15:52:53,210,546
923,3,4,0,,2024-12-22 15:55:14,2024-12-22 15:55:14,211,138
924,3,4,0,,2024-12-22 15:55:14,2024-12-22 15:55:14,211,143
925,3,4,0,,2024-12-22 15:55:14,2024-12-22 15:55:14,211,320
926,3,4,0,,2024-12-22 15:55:14,2024-12-22 15:55:14,211,105
927,3,2,0,,2024-12-22 15:55:14,2024-12-22 15:55:14,212,697
928,3,2,0,,2024-12-22 15:55:14,2024-12-22 15:55:14,212,31
929,3,4,0,,2024-12-22 15:55:14,2024-12-22 15:55:14,213,215
930,3,4,0,,2024-12-22 15:55:14,2024-12-22 15:55:14,213,1010
931,2,0,0,,2024-12-22 15:55:14,2024-12-22 15:55:14,214,215
932,2,0,0,,2024-12-22 15:55:14,2024-12-22 15:55:14,214,697
933,2,0,0,,2024-12-22 15:55:14,2024-12-22 15:55:14,215,1011
934,2,0,0,,2024-12-22 15:55:14,2024-12-22 15:55:14,215,25
935,2,0,0,,2024-12-22 15:55:14,2024-12-22 15:55:14,215,104
936,3,1,0,,2024-12-22 15:55:14,2024-12-22 15:55:14,216,19
937,3,1,0,,2024-12-22 15:55:14,2024-12-22 15:55:14,216,346
938,3,1,0,,2024-12-22 15:55:14,2024-12-22 15:55:14,216,104
939,3,2,0,,2024-12-22 15:55:56,2024-12-22 15:55:56,217,138
940,3,2,0,,2024-12-22 15:55:56,2024-12-22 15:55:56,217,145
941,3,2,0,,2024-12-22 15:55:56,2024-12-22 15:55:56,217,153
942,3,2,0,,2024-12-22 15:55:56,2024-12-22 15:55:56,217,31
943,3,2,0,,2024-12-22 15:55:56,2024-12-22 15:55:56,217,477
944,1,1,0,,2024-12-22 15:56:15,2024-12-22 15:56:15,218,138
945,1,1,0,,2024-12-22 15:56:15,2024-12-22 15:56:15,218,1026
946,1,1,0,,2024-12-22 15:56:15,2024-12-22 15:56:15,218,433
947,3,2,0,,2024-12-22 15:56:15,2024-12-22 15:56:15,219,138
948,1,1,0,,2024-12-22 15:56:15,2024-12-22 15:56:15,219,1013
949,1,1,0,,2024-12-22 15:56:15,2024-12-22 15:56:15,219,148
950,1,1,0,,2024-12-22 15:56:15,2024-12-22 15:56:15,220,1015
951,1,1,0,,2024-12-22 15:56:15,2024-12-22 15:56:15,220,692
952,1,1,0,,2024-12-22 15:56:15,2024-12-22 15:56:15,220,1002
953,3,2,0,,2024-12-22 15:56:15,2024-12-22 15:56:15,221,248
954,3,2,0,,2024-12-22 15:56:15,2024-12-22 15:56:15,221,904
955,3,10,0,,2024-12-22 15:56:15,2024-12-22 15:56:15,222,138
956,2,10,0,,2024-12-22 15:56:15,2024-12-22 15:56:15,222,163
957,3,10,0,,2024-12-22 15:56:15,2024-12-22 15:56:15,222,145
958,3,10,0,,2024-12-22 15:56:15,2024-12-22 15:56:15,223,1027
959,1,1,0,,2024-12-22 15:56:15,2024-12-22 15:56:15,224,477
960,1,1,0,,2024-12-22 15:56:15,2024-12-22 15:56:15,224,1027
969,3,5,0,,2024-12-22 15:57:41,2024-12-22 15:57:41,229,138
970,2,5,0,,2024-12-22 15:57:41,2024-12-22 15:57:41,229,694
971,2,5,0,,2024-12-22 15:57:41,2024-12-22 15:57:41,229,31
972,1,2,0,,2024-12-22 15:57:41,2024-12-22 15:57:41,229,206
973,3,5,0,,2024-12-22 15:57:41,2024-12-22 15:57:41,230,138
974,2,5,0,,2024-12-22 15:57:41,2024-12-22 15:57:41,230,1039
975,2,5,0,,2024-12-22 15:57:41,2024-12-22 15:57:41,230,31
976,3,3,0,,2024-12-22 15:57:41,2024-12-22 15:57:41,231,138
977,1,1,0,,2024-12-22 15:57:41,2024-12-22 15:57:41,231,1011
978,3,3,0,,2024-12-22 15:57:41,2024-12-22 15:57:41,231,31
979,2,2,0,,2024-12-22 15:57:42,2024-12-22 15:57:42,232,138
980,2,2,0,,2024-12-22 15:57:42,2024-12-22 15:57:42,232,979
981,1,1,0,,2024-12-22 15:57:42,2024-12-22 15:57:42,233,742
982,3,8,0,,2024-12-22 15:58:06,2024-12-22 15:58:06,234,1045
983,3,8,0,,2024-12-22 15:58:06,2024-12-22 15:58:06,234,19
984,3,8,0,,2024-12-22 15:58:06,2024-12-22 15:58:06,234,31
985,3,8,0,,2024-12-22 15:58:06,2024-12-22 15:58:06,234,206
986,1,0,0,,2024-12-22 15:58:06,2024-12-22 15:58:06,235,17
987,1,0,0,,2024-12-22 15:58:06,2024-12-22 15:58:06,235,1046
999,3,4,0,,2024-12-22 15:59:41,2024-12-22 15:59:41,238,1086
1000,3,4,0,,2024-12-22 15:59:41,2024-12-22 15:59:41,238,1087
1001,3,4,0,,2024-12-22 15:59:41,2024-12-22 15:59:41,238,1031
1002,3,4,0,,2024-12-22 15:59:41,2024-12-22 15:59:41,238,165
1003,2,2,0,,2024-12-22 15:59:41,2024-12-22 15:59:41,238,929
1004,3,3,0,,2024-12-22 15:59:41,2024-12-22 15:59:41,239,1088
1005,2,2,0,,2024-12-22 15:59:41,2024-12-22 15:59:41,239,1030
1006,1,1,0,,2024-12-22 15:59:41,2024-12-22 15:59:41,239,38
1007,2,2,0,,2024-12-22 15:59:41,2024-12-22 15:59:41,240,1089
1008,2,2,0,,2024-12-22 15:59:41,2024-12-22 15:59:41,240,929
1009,3,2,0,,2024-12-22 15:59:41,2024-12-22 15:59:41,241,1087
1010,2,2,0,,2024-12-22 15:59:41,2024-12-22 15:59:41,241,697
1011,3,2,0,,2024-12-22 15:59:41,2024-12-22 15:59:41,242,138
1012,2,2,0,,2024-12-22 15:59:41,2024-12-22 15:59:41,242,1090
1013,2,1,0,,2024-12-22 15:59:41,2024-12-22 15:59:41,243,1031
1014,3,1,0,,2024-12-22 15:59:41,2024-12-22 15:59:41,244,17
1015,1,0,0,,2024-12-22 15:59:41,2024-12-22 15:59:41,244,1091
1016,3,18,0,,2024-12-22 16:01:08,2024-12-22 16:01:08,245,138
1017,1,2,0,,2024-12-22 16:01:08,2024-12-22 16:01:08,245,875
1018,1,1,0,,2024-12-22 16:01:08,2024-12-22 16:01:08,245,169
1019,2,2,0,,2024-12-22 16:01:08,2024-12-22 16:01:08,246,138
1020,1,1,0,,2024-12-22 16:01:08,2024-12-22 16:01:08,246,1098
1021,1,1,0,,2024-12-22 16:01:08,2024-12-22 16:01:08,246,1099
1022,3,5,0,,2024-12-22 16:01:08,2024-12-22 16:01:08,247,138
1023,1,1,0,,2024-12-22 16:01:08,2024-12-22 16:01:08,247,998
1024,1,1,0,,2024-12-22 16:01:08,2024-12-22 16:01:08,247,1100
1025,3,4,0,,2024-12-22 16:01:08,2024-12-22 16:01:08,248,1101
1026,2,4,0,,2024-12-22 16:01:08,2024-12-22 16:01:08,248,1102
1027,2,4,0,,2024-12-22 16:01:08,2024-12-22 16:01:08,248,145
1028,2,3,0,,2024-12-22 16:01:08,2024-12-22 16:01:08,249,231
1029,2,3,0,,2024-12-22 16:01:08,2024-12-22 16:01:08,249,1103
1030,2,2,0,,2024-12-22 16:01:08,2024-12-22 16:01:08,250,19
1031,1,2,0,,2024-12-22 16:01:08,2024-12-22 16:01:08,250,193
1032,1,1,0,,2024-12-22 16:01:08,2024-12-22 16:01:08,250,151
1033,3,5,0,,2024-12-22 16:01:53,2024-12-22 16:01:53,251,138
1034,3,5,0,,2024-12-22 16:01:53,2024-12-22 16:01:53,251,31
1035,3,5,0,,2024-12-22 16:01:53,2024-12-22 16:01:53,251,206
1036,3,2,0,,2024-12-22 16:01:53,2024-12-22 16:01:53,252,19
1037,2,1,0,,2024-12-22 16:01:53,2024-12-22 16:01:53,252,43
1038,3,5,0,,2024-12-22 16:01:53,2024-12-22 16:01:53,253,82
1039,3,5,0,,2024-12-22 16:01:53,2024-12-22 16:01:53,253,192
1040,3,5,0,,2024-12-22 16:01:53,2024-12-22 16:01:53,254,264
1041,3,5,0,,2024-12-22 16:01:53,2024-12-22 16:01:53,254,31
1042,3,5,0,,2024-12-22 16:01:53,2024-12-22 16:01:53,255,82
1043,3,5,0,,2024-12-22 16:01:53,2024-12-22 16:01:53,256,335
1044,3,2,0,,2024-12-22 16:03:28,2024-12-22 16:03:28,257,143
1045,3,1,0,,2024-12-22 16:03:28,2024-12-22 16:03:28,257,1130
1046,3,2,0,,2024-12-22 16:03:28,2024-12-22 16:03:28,258,1117
1047,3,1,0,,2024-12-22 16:03:28,2024-12-22 16:03:28,258,291
1048,2,1,0,,2024-12-22 16:03:29,2024-12-22 16:03:29,259,1129
1049,1,1,0,,2024-12-22 16:03:29,2024-12-22 16:03:29,259,477
1050,3,2,0,,2024-12-22 16:04:19,2024-12-22 16:04:19,260,31
1051,3,2,0,,2024-12-22 16:04:19,2024-12-22 16:04:19,260,82
1052,3,2,0,,2024-12-22 16:04:19,2024-12-22 16:04:19,260,206
1053,3,2,0,,2024-12-22 16:04:19,2024-12-22 16:04:19,260,215
1054,3,2,0,,2024-12-22 16:04:19,2024-12-22 16:04:19,260,216
1055,3,2,0,,2024-12-22 16:04:19,2024-12-22 16:04:19,260,96
1056,3,2,0,,2024-12-22 16:04:19,2024-12-22 16:04:19,260,109
1057,3,2,0,,2024-12-22 16:04:19,2024-12-22 16:04:19,260,210
1058,1,1,0,,2024-12-22 16:04:19,2024-12-22 16:04:19,261,42
1059,1,1,0,,2024-12-22 16:04:19,2024-12-22 16:04:19,261,19
1060,1,1,0,,2024-12-22 16:04:19,2024-12-22 16:04:19,261,54
1061,1,1,0,,2024-12-22 16:04:19,2024-12-22 16:04:19,261,112
1074,3,1,0,,2024-12-22 16:06:54,2024-12-22 16:06:54,264,19
1075,3,1,0,,2024-12-22 16:06:54,2024-12-22 16:06:54,264,26
1076,3,1,0,,2024-12-22 16:06:54,2024-12-22 16:06:54,264,117
1077,3,1,0,,2024-12-22 16:06:54,2024-12-22 16:06:54,264,113
1078,3,3,0,,2024-12-22 16:06:54,2024-12-22 16:06:54,265,19
1079,2,2,0,,2024-12-22 16:06:54,2024-12-22 16:06:54,265,43
1080,2,2,0,,2024-12-22 16:06:54,2024-12-22 16:06:54,265,54
1081,2,2,0,,2024-12-22 16:06:54,2024-12-22 16:06:54,266,54
1082,2,2,0,,2024-12-22 16:06:54,2024-12-22 16:06:54,266,65
1083,1,1,0,,2024-12-22 16:06:54,2024-12-22 16:06:54,266,43
1084,3,3,0,,2024-12-22 16:07:47,2024-12-22 16:07:47,268,19
1085,2,2,0,,2024-12-22 16:07:47,2024-12-22 16:07:47,268,113
1086,3,3,0,,2024-12-22 16:07:47,2024-12-22 16:07:47,268,199
1087,3,3,0,,2024-12-22 16:07:47,2024-12-22 16:07:47,269,19
1088,2,2,0,,2024-12-22 16:07:47,2024-12-22 16:07:47,269,112
1089,3,3,0,,2024-12-22 16:07:47,2024-12-22 16:07:47,269,433
1090,3,4,0,,2024-12-22 16:07:47,2024-12-22 16:07:47,270,410
1091,3,4,0,,2024-12-22 16:07:47,2024-12-22 16:07:47,270,199
1092,3,4,0,,2024-12-22 16:07:47,2024-12-22 16:07:47,270,560
1093,3,6,0,,2024-12-22 16:08:24,2024-12-22 16:08:24,271,104
1094,3,6,0,,2024-12-22 16:08:24,2024-12-22 16:08:24,271,31
1095,3,6,0,,2024-12-22 16:08:24,2024-12-22 16:08:24,271,949
1096,2,4,0,,2024-12-22 16:08:24,2024-12-22 16:08:24,271,96
1097,2,4,0,,2024-12-22 16:08:24,2024-12-22 16:08:24,271,203
1098,2,3,0,,2024-12-22 16:08:24,2024-12-22 16:08:24,271,200
1099,3,4,0,,2024-12-22 16:08:24,2024-12-22 16:08:24,272,104
1100,3,4,0,,2024-12-22 16:08:24,2024-12-22 16:08:24,272,96
1101,2,2,0,,2024-12-22 16:08:24,2024-12-22 16:08:24,272,91
1102,1,1,0,,2024-12-22 17:34:46,2024-12-22 17:34:46,273,1192
1103,1,1,0,,2024-12-22 17:34:46,2024-12-22 17:34:46,273,904
1104,1,1,0,,2024-12-22 17:34:46,2024-12-22 17:34:46,274,1211
1105,1,1,0,,2024-12-22 17:34:46,2024-12-22 17:34:46,274,966
1106,1,1,0,,2024-12-22 17:34:46,2024-12-22 17:34:46,275,1197
1107,1,1,0,,2024-12-22 17:34:46,2024-12-22 17:34:46,275,1192
1108,1,1,0,,2024-12-22 17:34:46,2024-12-22 17:34:46,276,1192
1109,1,1,0,,2024-12-22 17:34:46,2024-12-22 17:34:46,276,1212
1139,0,0,0,,2025-01-08 10:02:53,2025-01-08 10:02:53,292,138
1140,0,0,0,,2025-01-08 10:02:53,2025-01-08 10:02:53,292,999
1141,0,0,0,,2025-01-08 10:02:53,2025-01-08 10:02:53,292,483
1142,0,0,0,,2025-01-08 10:02:53,2025-01-08 10:02:53,292,142
1143,3,1,0,,2025-01-08 10:12:52,2025-01-08 10:12:52,293,138
1144,3,1,0,,2025-01-08 10:12:52,2025-01-08 10:12:52,294,138
1145,3,3,0,,2025-01-08 10:12:53,2025-01-08 10:12:53,295,138
1146,3,5,0,,2025-01-08 10:12:53,2025-01-08 10:12:53,296,138
1147,3,1,0,,2025-01-08 10:12:53,2025-01-08 10:12:53,297,138
1148,3,2,0,,2025-01-08 10:12:53,2025-01-08 10:12:53,298,138
1149,3,1,0,,2025-01-08 10:12:54,2025-01-08 10:12:54,299,138
1150,3,5,0,,2025-01-08 10:12:54,2025-01-08 10:12:54,300,138
1151,2,1,1,,2025-01-08 11:43:10,2025-01-08 11:43:10,177,1031
1159,2,1,0,,2025-01-08 19:22:44,2025-01-08 19:22:44,305,1269
1160,2,1,0,,2025-01-08 19:22:44,2025-01-08 19:22:44,305,1270
1161,2,1,0,,2025-01-08 19:22:44,2025-01-08 19:22:44,305,1271
1162,2,1,0,,2025-01-08 19:22:44,2025-01-08 19:22:44,305,1272
1163,2,1,0,,2025-01-08 19:22:45,2025-01-08 19:22:45,305,1273
1164,2,1,0,,2025-01-08 19:22:45,2025-01-08 19:22:45,305,179
1165,2,1,0,,2025-01-08 19:22:45,2025-01-08 19:22:45,305,229
1166,2,1,0,,2025-01-08 19:22:45,2025-01-08 19:22:45,305,1071
1167,2,1,0,,2025-01-08 19:22:45,2025-01-08 19:22:45,305,1274
1168,2,1,0,,2025-01-08 19:22:45,2025-01-08 19:22:45,305,150
1169,2,1,0,,2025-01-08 19:22:45,2025-01-08 19:22:45,305,1045
1170,2,1,0,,2025-01-08 19:22:45,2025-01-08 19:22:45,305,682
1171,2,1,0,,2025-01-08 19:22:45,2025-01-08 19:22:45,305,156
1172,2,1,0,,2025-01-08 19:22:46,2025-01-08 19:22:46,305,546
1173,2,1,0,,2025-01-08 19:22:46,2025-01-08 19:22:46,305,1275
1174,2,1,0,,2025-01-08 19:22:46,2025-01-08 19:22:46,305,465
1175,2,1,0,,2025-01-08 19:22:46,2025-01-08 19:22:46,305,138
1176,2,1,0,,2025-01-08 19:22:46,2025-01-08 19:22:46,305,660
1177,2,1,0,,2025-01-08 19:22:46,2025-01-08 19:22:46,305,547
1178,2,1,0,,2025-01-08 19:22:46,2025-01-08 19:22:46,305,1276
1179,2,1,0,,2025-01-08 19:22:46,2025-01-08 19:22:46,305,470
1180,3,3,0,,2025-01-08 19:22:54,2025-01-08 19:22:54,305,145
1181,2,2,0,,2025-01-08 19:22:54,2025-01-08 19:22:54,305,1277
1182,2,1,0,,2025-01-08 19:22:54,2025-01-08 19:22:54,305,1278
1183,3,2,0,,2025-01-08 19:23:14,2025-01-08 19:23:14,306,1279
1184,3,1,0,,2025-01-08 19:23:14,2025-01-08 19:23:14,306,1280
1185,3,2,0,,2025-01-08 19:23:15,2025-01-08 19:23:15,306,1281
1186,3,2,0,,2025-01-08 19:23:15,2025-01-08 19:23:15,306,1282
1187,2,1,0,,2025-01-08 19:23:15,2025-01-08 19:23:15,306,1283
1188,2,1,0,,2025-01-08 19:23:16,2025-01-08 19:23:16,306,1284
1189,2,1,0,,2025-01-08 19:23:16,2025-01-08 19:23:16,306,1285
1190,2,1,0,,2025-01-08 19:23:16,2025-01-08 19:23:16,306,1286
1191,2,1,0,,2025-01-08 19:23:16,2025-01-08 19:23:16,306,1269
1192,2,1,0,,2025-01-08 19:23:17,2025-01-08 19:23:17,306,1046
1193,2,1,0,,2025-01-08 19:23:17,2025-01-08 19:23:17,306,1287
1194,1,1,0,,2025-01-08 19:23:17,2025-01-08 19:23:17,306,1288
1195,0,0,0,,2025-01-08 19:23:17,2025-01-08 19:23:17,306,1289
1196,3,2,0,,2025-01-08 19:23:27,2025-01-08 19:23:27,306,660
1197,3,2,0,,2025-01-08 19:23:28,2025-01-08 19:23:28,306,547
1198,3,2,0,,2025-01-08 19:23:28,2025-01-08 19:23:28,306,1276
1199,3,2,0,,2025-01-08 19:23:28,2025-01-08 19:23:28,306,470
1200,3,2,0,,2025-01-08 19:23:28,2025-01-08 19:23:28,306,1290
1201,2,1,0,,2025-01-08 19:23:28,2025-01-08 19:23:28,306,1291
1202,3,2,0,,2025-01-08 19:23:29,2025-01-08 19:23:29,306,882
1203,0,0,0,,2025-01-08 19:23:29,2025-01-08 19:23:29,306,1292
1204,0,0,0,,2025-01-08 19:23:30,2025-01-08 19:23:30,306,1293
1218,2,3,0,,2025-01-09 16:29:29,2025-01-09 16:29:29,338,138
1219,1,1,0,,2025-01-09 16:29:29,2025-01-09 16:29:29,339,546
1220,2,2,0,,2025-01-09 16:29:30,2025-01-09 16:29:30,340,224
1221,2,3,0,,2025-01-09 16:29:30,2025-01-09 16:29:30,341,858
1222,1,1,0,,2025-01-09 16:29:31,2025-01-09 16:29:31,342,1305
1223,1,1,0,,2025-01-09 16:29:32,2025-01-09 16:29:32,343,1306
1224,1,1,0,,2025-01-09 16:29:33,2025-01-09 16:29:33,344,1307
1225,1,1,0,,2025-01-09 16:29:34,2025-01-09 16:29:34,345,1308
1226,2,2,0,,2025-01-09 16:29:34,2025-01-09 16:29:34,346,1031
1227,1,1,0,,2025-01-09 16:29:35,2025-01-09 16:29:35,347,947
1228,3,3,0,,2025-01-09 16:29:36,2025-01-09 16:29:36,348,169
1229,1,1,0,,2025-01-09 16:29:37,2025-01-09 16:29:37,349,858
1230,1,2,0,,2025-01-09 16:29:38,2025-01-09 16:29:38,350,1309
1231,1,1,0,,2025-01-09 16:29:39,2025-01-09 16:29:39,351,788
1232,3,10,0,,2025-01-10 14:35:56,2025-01-10 14:35:56,359,138
1233,3,5,0,,2025-01-10 14:35:56,2025-01-10 14:35:56,360,224
1234,3,5,0,,2025-01-10 14:35:56,2025-01-10 14:35:56,360,1046
1235,3,2,0,,2025-01-10 14:35:56,2025-01-10 14:35:56,361,143
1236,3,2,0,,2025-01-10 14:35:56,2025-01-10 14:35:56,361,217
1237,2,1,0,,2025-01-10 14:35:57,2025-01-10 14:35:57,362,104
1297,2,2,0,,2025-01-21 09:31:57,2025-01-21 09:31:57,422,142
1298,2,2,0,,2025-01-21 09:31:57,2025-01-21 09:31:57,422,143
1299,1,1,0,,2025-01-21 09:31:57,2025-01-21 09:31:57,422,1365
1300,1,1,0,,2025-01-21 09:31:57,2025-01-21 09:31:57,422,303
1301,2,12,0,,2025-01-21 09:32:08,2025-01-21 09:32:08,423,108
1302,2,12,0,,2025-01-21 09:32:08,2025-01-21 09:32:08,423,1366
1303,2,12,0,,2025-01-21 09:32:08,2025-01-21 09:32:08,423,1109
1304,2,12,0,,2025-01-21 09:32:09,2025-01-21 09:32:09,423,1367
1305,2,12,0,,2025-01-21 09:32:09,2025-01-21 09:32:09,423,1368
1306,3,6,0,,2025-01-21 09:32:17,2025-01-21 09:32:17,424,1363
1307,3,6,0,,2025-01-21 09:32:17,2025-01-21 09:32:17,424,1369
1308,3,6,0,,2025-01-21 09:32:17,2025-01-21 09:32:17,424,974
1309,3,6,0,,2025-01-21 09:32:17,2025-01-21 09:32:17,424,705
1310,3,6,0,,2025-01-21 09:32:18,2025-01-21 09:32:18,424,1370
1311,3,8,0,,2025-01-21 09:34:04,2025-01-21 09:34:04,425,1347
1312,3,8,0,,2025-01-21 09:34:04,2025-01-21 09:34:04,425,1031
1313,2,1,0,,2025-01-21 09:34:11,2025-01-21 09:34:11,426,138
1314,1,1,0,,2025-01-21 09:34:11,2025-01-21 09:34:11,426,109
1315,1,1,0,,2025-01-21 09:34:11,2025-01-21 09:34:11,426,112
1316,1,1,0,,2025-01-21 09:34:11,2025-01-21 09:34:11,426,364
1317,3,2,0,,2025-01-21 09:34:19,2025-01-21 09:34:19,427,138
1318,2,1,0,,2025-01-21 09:34:19,2025-01-21 09:34:19,427,696
1319,2,1,0,,2025-01-21 09:34:19,2025-01-21 09:34:19,427,209
1320,2,1,0,,2025-01-21 09:34:19,2025-01-21 09:34:19,427,1371
1321,3,8,0,,2025-01-21 09:34:27,2025-01-21 09:34:27,428,209
1322,1,1,0,,2025-01-21 09:34:27,2025-01-21 09:34:27,428,206
1323,3,8,0,,2025-01-21 09:34:27,2025-01-21 09:34:27,428,1345
1324,3,7,0,,2025-01-21 09:34:28,2025-01-21 09:34:28,428,174
1325,2,1,0,,2025-01-21 09:34:38,2025-01-21 09:34:38,429,138
1326,2,1,0,,2025-01-21 09:34:38,2025-01-21 09:34:38,429,174
1327,2,1,0,,2025-01-21 09:34:38,2025-01-21 09:34:38,429,977
1328,2,1,0,,2025-01-21 09:34:39,2025-01-21 09:34:39,429,1372
1329,2,1,0,,2025-01-21 09:34:39,2025-01-21 09:34:39,429,1373
1330,2,1,0,,2025-01-21 09:34:39,2025-01-21 09:34:39,429,210
1331,2,1,0,,2025-01-21 09:34:39,2025-01-21 09:34:39,429,1374
1332,2,1,0,,2025-01-21 09:34:39,2025-01-21 09:34:39,429,1375
1333,2,1,0,,2025-01-21 09:34:39,2025-01-21 09:34:39,429,1376
1334,2,1,0,,2025-01-21 09:34:40,2025-01-21 09:34:40,429,217
1335,2,1,0,,2025-01-21 09:34:40,2025-01-21 09:34:40,429,341
1336,2,1,0,,2025-01-21 09:34:40,2025-01-21 09:34:40,429,1377
1337,3,2,0,,2025-01-21 09:34:50,2025-01-21 09:34:50,430,138
1338,2,2,0,,2025-01-21 09:34:50,2025-01-21 09:34:50,430,209
1339,2,2,0,,2025-01-21 09:34:51,2025-01-21 09:34:51,430,977
1340,2,2,0,,2025-01-21 09:34:51,2025-01-21 09:34:51,430,1278
1341,2,2,0,,2025-01-21 09:34:52,2025-01-21 09:34:52,430,145
1342,1,1,0,,2025-01-21 09:34:52,2025-01-21 09:34:52,430,1378
1343,2,1,0,,2025-01-21 09:35:02,2025-01-21 09:35:02,431,1031
1344,2,1,0,,2025-01-21 09:35:02,2025-01-21 09:35:02,431,682
1345,2,1,0,,2025-01-21 09:35:02,2025-01-21 09:35:02,431,224
1346,2,1,0,,2025-01-21 09:35:02,2025-01-21 09:35:02,431,1049
1347,1,1,0,,2025-01-21 09:35:02,2025-01-21 09:35:02,431,174
1348,3,1,0,,2025-01-21 09:35:10,2025-01-21 09:35:10,432,138
1349,3,1,0,,2025-01-21 09:35:10,2025-01-21 09:35:10,432,287
1350,3,1,0,,2025-01-21 09:35:10,2025-01-21 09:35:10,432,206
1351,3,1,0,,2025-01-21 09:35:10,2025-01-21 09:35:10,432,30
1352,3,2,0,,2025-01-21 09:35:16,2025-01-21 09:35:16,433,138
1353,2,1,0,,2025-01-21 09:35:16,2025-01-21 09:35:16,433,209
1354,3,1,0,,2025-01-21 09:35:16,2025-01-21 09:35:16,433,966
1355,3,1,0,,2025-01-21 09:35:25,2025-01-21 09:35:25,434,138
1356,2,1,0,,2025-01-21 09:35:25,2025-01-21 09:35:25,434,174
1357,2,1,0,,2025-01-21 09:35:25,2025-01-21 09:35:25,434,209
1358,1,1,0,,2025-01-21 09:35:25,2025-01-21 09:35:25,434,966
1359,3,2,0,,2025-01-21 09:35:39,2025-01-21 09:35:39,435,138
1360,3,2,0,,2025-01-21 09:35:39,2025-01-21 09:35:39,435,1343
1361,3,2,0,,2025-01-21 09:35:39,2025-01-21 09:35:39,435,209
1362,3,2,0,,2025-01-21 09:35:39,2025-01-21 09:35:39,435,966
1363,2,2,0,,2025-01-21 09:35:47,2025-01-21 09:35:47,436,688
1364,1,1,0,,2025-01-21 09:35:47,2025-01-21 09:35:47,436,1379
1365,2,2,0,,2025-01-21 09:35:48,2025-01-21 09:35:48,436,1380
1366,3,1,0,,2025-01-21 09:36:01,2025-01-21 09:36:01,437,139
1367,3,1,0,,2025-01-21 09:36:01,2025-01-21 09:36:01,437,1381
1368,3,1,0,,2025-01-21 09:36:02,2025-01-21 09:36:02,437,182
1369,3,1,0,,2025-01-21 09:36:02,2025-01-21 09:36:02,437,688
1370,3,11,0,,2025-01-21 10:29:41,2025-01-21 10:29:41,438,138
1371,3,11,0,,2025-01-21 10:29:41,2025-01-21 10:29:41,438,209
1372,3,11,0,,2025-01-21 10:29:42,2025-01-21 10:29:42,438,143
1373,2,11,0,,2025-01-21 10:29:42,2025-01-21 10:29:42,438,949
1374,2,11,0,,2025-01-21 10:29:42,2025-01-21 10:29:42,438,206
1375,3,2,0,,2025-01-21 10:29:52,2025-01-21 10:29:52,439,138
1376,3,2,0,,2025-01-21 10:29:52,2025-01-21 10:29:52,439,209
1377,2,2,0,,2025-01-21 10:30:00,2025-01-21 10:30:00,440,138
1378,3,2,0,,2025-01-21 10:30:00,2025-01-21 10:30:00,440,1382
1379,1,1,0,,2025-01-21 10:30:00,2025-01-21 10:30:00,440,148
1380,1,1,0,,2025-01-21 10:30:00,2025-01-21 10:30:00,440,1262
1381,3,4,0,,2025-01-21 10:30:09,2025-01-21 10:30:09,441,165
1382,3,4,0,,2025-01-21 10:30:09,2025-01-21 10:30:09,441,148
1383,3,4,0,,2025-01-21 10:30:09,2025-01-21 10:30:09,441,1262
1384,2,2,0,,2025-01-21 10:30:10,2025-01-21 10:30:10,441,1383
1385,2,2,0,,2025-01-21 10:30:11,2025-01-21 10:30:11,441,689
1386,2,1,0,,2025-01-21 10:30:11,2025-01-21 10:30:11,441,142
1387,3,2,0,,2025-01-21 10:30:19,2025-01-21 10:30:19,442,138
1388,3,2,0,,2025-01-21 10:30:19,2025-01-21 10:30:19,442,209
1389,3,2,0,,2025-01-21 10:30:20,2025-01-21 10:30:20,442,148
1390,3,3,0,,2025-01-21 10:30:32,2025-01-21 10:30:32,443,138
1391,3,3,0,,2025-01-21 10:30:33,2025-01-21 10:30:33,443,209
1392,3,3,0,,2025-01-21 10:30:33,2025-01-21 10:30:33,443,145
1393,1,0,0,,2025-01-21 10:30:42,2025-01-21 10:30:42,444,1315
1394,1,0,0,,2025-01-21 10:30:42,2025-01-21 10:30:42,444,174
1395,3,1,0,,2025-01-21 10:30:53,2025-01-21 10:30:53,445,165
1396,3,1,0,,2025-01-21 10:30:53,2025-01-21 10:30:53,445,148
1397,3,1,0,,2025-01-21 10:30:53,2025-01-21 10:30:53,445,138
1398,3,1,0,,2025-01-21 10:30:53,2025-01-21 10:30:53,445,209
1399,3,1,0,,2025-01-21 10:30:54,2025-01-21 10:30:54,445,949
1400,2,1,0,,2025-01-21 10:30:54,2025-01-21 10:30:54,445,1200
1401,2,1,0,,2025-01-21 10:30:54,2025-01-21 10:30:54,445,174
1402,3,1,0,,2025-01-21 10:31:02,2025-01-21 10:31:02,446,138
1403,3,1,0,,2025-01-21 10:31:02,2025-01-21 10:31:02,446,148
1404,3,1,0,,2025-01-21 10:31:02,2025-01-21 10:31:02,446,209
1405,3,1,0,,2025-01-21 10:31:03,2025-01-21 10:31:03,446,174
1406,3,2,0,,2025-01-21 10:31:11,2025-01-21 10:31:11,447,138
1407,2,2,0,,2025-01-21 10:31:11,2025-01-21 10:31:11,447,209
1408,3,2,0,,2025-01-21 10:31:12,2025-01-21 10:31:12,447,145
1409,2,1,0,,2025-01-21 10:31:12,2025-01-21 10:31:12,447,165
1410,3,3,0,,2025-01-21 10:31:18,2025-01-21 10:31:18,448,138
1411,2,1,0,,2025-01-21 10:31:18,2025-01-21 10:31:18,448,1298
1412,2,1,0,,2025-01-21 10:31:18,2025-01-21 10:31:18,448,209
1413,2,1,0,,2025-01-21 10:31:27,2025-01-21 10:31:27,449,209
1414,2,1,0,,2025-01-21 10:31:27,2025-01-21 10:31:27,449,1278
1415,1,1,0,,2025-01-21 10:31:27,2025-01-21 10:31:27,449,991
1416,2,1,0,,2025-01-21 10:31:42,2025-01-21 10:31:42,450,215
1417,2,1,0,,2025-01-21 10:31:42,2025-01-21 10:31:42,450,1337
1418,2,1,0,,2025-01-21 10:31:42,2025-01-21 10:31:42,450,895
1419,2,1,0,,2025-01-21 10:31:42,2025-01-21 10:31:42,450,1384
1420,2,1,0,,2025-01-21 10:31:42,2025-01-21 10:31:42,450,1385
1421,2,1,0,,2025-01-21 10:31:42,2025-01-21 10:31:42,450,660
1422,3,1,0,,2025-01-21 10:31:52,2025-01-21 10:31:52,451,138
1423,1,1,0,,2025-01-21 10:31:52,2025-01-21 10:31:52,451,1386
1424,1,1,0,,2025-01-21 10:31:52,2025-01-21 10:31:52,451,215
1425,1,1,0,,2025-01-21 10:31:59,2025-01-21 10:31:59,452,1387
1426,2,2,0,,2025-01-21 10:32:00,2025-01-21 10:32:00,452,1388
1427,1,1,0,,2025-01-21 10:32:00,2025-01-21 10:32:00,452,1389
1428,1,1,0,,2025-01-21 10:32:08,2025-01-21 10:32:08,453,138
1429,1,1,0,,2025-01-21 10:32:08,2025-01-21 10:32:08,453,1390
1430,1,1,0,,2025-01-21 10:32:08,2025-01-21 10:32:08,453,1391
1431,1,1,0,,2025-01-21 10:32:09,2025-01-21 10:32:09,453,1392
1432,1,1,0,,2025-01-21 10:32:09,2025-01-21 10:32:09,453,1393
1433,3,4,0,,2025-01-21 11:37:17,2025-01-21 11:37:17,457,973
1434,2,4,0,,2025-01-21 11:37:17,2025-01-21 11:37:17,457,564
1435,2,1,0,,2025-01-21 11:37:17,2025-01-21 11:37:17,457,1394
1436,3,4,0,,2025-01-21 11:37:17,2025-01-21 11:37:17,457,1276
1437,3,4,0,,2025-01-21 11:37:17,2025-01-21 11:37:17,457,248
1438,3,4,0,,2025-01-21 11:37:17,2025-01-21 11:37:17,457,919
1439,3,4,0,,2025-01-21 11:37:28,2025-01-21 11:37:28,457,272
1440,1,1,0,,2025-01-21 11:37:28,2025-01-21 11:37:28,457,910
1441,3,7,0,,2025-01-21 12:19:57,2025-01-21 12:19:57,456,882
1442,2,2,0,,2025-01-21 12:19:57,2025-01-21 12:19:57,456,1395
1443,2,2,0,,2025-01-21 12:19:57,2025-01-21 12:19:57,456,1396
1444,0,0,0,,2025-01-21 12:19:57,2025-01-21 12:19:57,456,1397
1445,2,2,0,,2025-01-21 12:19:57,2025-01-21 12:19:57,456,1398
1446,3,7,0,,2025-01-21 12:19:58,2025-01-21 12:19:58,456,1399
1447,3,7,0,,2025-01-21 12:19:58,2025-01-21 12:19:58,456,1400
1448,3,7,0,,2025-01-21 12:19:58,2025-01-21 12:19:58,456,439
1449,3,7,0,,2025-01-21 12:19:58,2025-01-21 12:19:58,456,1401
1450,2,2,0,,2025-01-21 12:19:58,2025-01-21 12:19:58,456,1402
1451,2,1,0,,2025-01-21 12:20:11,2025-01-21 12:20:11,456,1403
1452,1,1,0,,2025-01-21 12:20:11,2025-01-21 12:20:11,456,109
1453,1,1,0,,2025-01-21 12:20:12,2025-01-21 12:20:12,456,922
1454,2,1,0,,2025-01-21 12:20:12,2025-01-21 12:20:12,456,660
1455,2,1,0,,2025-01-21 12:20:12,2025-01-21 12:20:12,456,344
1456,2,1,0,,2025-01-21 12:20:12,2025-01-21 12:20:12,456,470
1457,2,1,0,,2025-01-21 12:20:13,2025-01-21 12:20:13,456,919
1458,2,1,0,,2025-01-21 12:20:28,2025-01-21 12:20:28,456,1404
1459,3,5,0,,2025-01-21 12:23:11,2025-01-21 12:23:11,455,17
1460,3,5,0,,2025-01-21 12:23:11,2025-01-21 12:23:11,455,20
1461,3,5,0,,2025-01-21 12:23:11,2025-01-21 12:23:11,455,1405
1462,3,5,0,,2025-01-21 12:23:11,2025-01-21 12:23:11,455,1406
1463,3,5,0,,2025-01-21 12:23:12,2025-01-21 12:23:12,455,1407
1464,3,5,0,,2025-01-21 12:23:12,2025-01-21 12:23:12,455,1408
1465,3,5,0,,2025-01-21 12:23:12,2025-01-21 12:23:12,455,1276
1466,3,5,0,,2025-01-21 12:23:12,2025-01-21 12:23:12,455,1409
1467,2,1,0,,2025-01-21 12:23:23,2025-01-21 12:23:23,455,370
1468,3,5,0,,2025-01-21 12:23:23,2025-01-21 12:23:23,455,1401
1469,3,5,0,,2025-01-21 12:23:23,2025-01-21 12:23:23,455,924
1470,3,10,0,,2025-01-21 12:24:50,2025-01-21 12:24:50,454,18
1471,3,10,0,,2025-01-21 12:24:50,2025-01-21 12:24:50,454,1410
1472,3,10,0,,2025-01-21 12:24:50,2025-01-21 12:24:50,454,42
1473,3,10,0,,2025-01-21 12:24:50,2025-01-21 12:24:50,454,81
1474,3,10,0,,2025-01-21 12:24:50,2025-01-21 12:24:50,454,113
1475,2,2,0,,2025-01-21 12:24:50,2025-01-21 12:24:50,454,370
1476,1,1,0,,2025-01-21 12:24:50,2025-01-21 12:24:50,454,1411
1477,1,1,0,,2025-01-21 12:24:51,2025-01-21 12:24:51,454,496
1478,0,0,0,,2025-01-21 12:24:51,2025-01-21 12:24:51,454,1412
1479,2,2,0,,2025-01-21 12:24:51,2025-01-21 12:24:51,454,1162
1480,3,10,0,,2025-01-21 12:24:51,2025-01-21 12:24:51,454,470
1481,3,10,0,,2025-01-21 12:24:51,2025-01-21 12:24:51,454,248
1482,3,10,0,,2025-01-21 12:24:51,2025-01-21 12:24:51,454,253
1491,1,0,0,,2025-02-28 17:11:15,2025-02-28 17:11:15,460,20
1492,1,0,0,,2025-02-28 17:11:16,2025-02-28 17:11:16,460,60
1493,1,0,0,,2025-02-28 17:11:16,2025-02-28 17:11:16,460,43
1494,1,0,0,,2025-02-28 17:11:16,2025-02-28 17:11:16,460,781
1495,1,0,0,,2025-02-28 17:11:16,2025-02-28 17:11:16,460,1418
1496,1,0,0,,2025-02-28 17:11:16,2025-02-28 17:11:16,460,1419
1497,1,0,0,,2025-02-28 17:11:25,2025-02-28 17:11:25,461,488
1498,1,0,0,,2025-02-28 17:11:25,2025-02-28 17:11:25,461,1428
1499,1,0,0,,2025-02-28 17:11:25,2025-02-28 17:11:25,461,1046
1500,1,0,0,,2025-02-28 17:11:25,2025-02-28 17:11:25,461,434
