id,name,category_name,created_by,created_at,updated_at
1,arabic,0,,2024-09-11 09:58:22,2024-09-11 09:58:22
2,french,0,,2024-09-11 09:58:22,2024-09-11 09:58:22
3,english,0,,2024-09-11 09:58:22,2024-09-11 09:58:22
4,german,0,,2024-09-11 09:58:22,2024-09-11 09:58:22
5,italian,0,,2024-09-11 09:58:22,2024-09-11 09:58:22
6,japanese,0,,2024-09-11 09:58:22,2024-09-11 09:58:22
7,chinese,0,,2024-09-11 09:58:22,2024-09-11 09:58:22
8,spanish,0,,2024-09-11 09:58:22,2024-09-11 09:58:22
9,portuguese,0,,2024-09-11 09:58:22,2024-09-11 09:58:22
10,russian,0,,2024-09-11 09:58:22,2024-09-11 09:58:22
11,amazigh,0,,2024-09-11 09:58:22,2024-09-11 09:58:22
12,turkish,0,,2024-09-11 09:58:22,2024-09-11 09:58:22
13,dutch,0,,2024-09-11 09:58:22,2024-09-11 09:58:22
14,swedish,0,,2024-09-11 09:58:22,2024-09-11 09:58:22
15,greek,0,,2024-09-11 09:58:22,2024-09-11 09:58:22
16,c,5,,2024-09-11 09:58:22,2024-09-11 09:58:22
17,c++,5,,2024-09-11 09:58:22,2024-09-11 09:58:22
18,c#,5,,2024-09-11 09:58:22,2024-09-11 09:58:22
19,java,5,,2024-09-11 09:58:22,2024-09-11 09:58:22
20,python,5,,2024-09-11 09:58:22,2024-09-11 09:58:22
21,javascript,5,,2024-09-11 09:58:22,2024-09-11 09:58:22
22,php,5,,2024-09-11 09:58:22,2024-09-11 09:58:22
23,ruby,5,,2024-09-11 09:58:22,2024-09-11 09:58:22
24,go,5,,2024-09-11 09:58:22,2024-09-11 09:58:22
25,swift,5,,2024-09-11 09:58:22,2024-09-11 09:58:22
26,kotlin,5,,2024-09-11 09:58:22,2024-09-11 09:58:22
27,r,5,,2024-09-11 09:58:22,2024-09-11 09:58:22
28,typescript,5,,2024-09-11 09:58:22,2024-09-11 09:58:22
29,objective-c,5,,2024-09-11 09:58:22,2024-09-11 09:58:22
30,perl,5,,2024-09-11 09:58:22,2024-09-11 09:58:22
31,scala,5,,2024-09-11 09:58:22,2024-09-11 09:58:22
32,rust,5,,2024-09-11 09:58:22,2024-09-11 09:58:22
33,lua,5,,2024-09-11 09:58:22,2024-09-11 09:58:22
34,matlab,5,,2024-09-11 09:58:22,2024-09-11 09:58:22
35,html,7,,2024-09-11 09:58:22,2024-09-11 09:58:22
36,css,7,,2024-09-11 09:58:22,2024-09-11 09:58:22
37,jquery,7,,2024-09-11 09:58:22,2024-09-11 09:58:22
38,sass,7,,2024-09-11 09:58:22,2024-09-11 09:58:22
39,less,7,,2024-09-11 09:58:22,2024-09-11 09:58:22
40,bootstrap,7,,2024-09-11 09:58:22,2024-09-11 09:58:22
41,tailwindcss,7,,2024-09-11 09:58:22,2024-09-11 09:58:22
42,react,7,,2024-09-11 09:58:22,2024-09-11 09:58:22
43,angular,7,,2024-09-11 09:58:22,2024-09-11 09:58:22
44,angularjs,7,,2024-09-11 09:58:22,2024-09-11 09:58:22
45,vuejs,7,,2024-09-11 09:58:22,2024-09-11 09:58:22
46,gatsby,7,,2024-09-11 09:58:22,2024-09-11 09:58:22
47,nextjs,7,,2024-09-11 09:58:22,2024-09-11 09:58:22
48,nuxt,7,,2024-09-11 09:58:22,2024-09-11 09:58:22
49,react native,7,,2024-09-11 09:58:22,2024-09-11 09:58:22
50,flutter,7,,2024-09-11 09:58:22,2024-09-11 09:58:22
51,nodejs,7,,2024-09-11 09:58:22,2024-09-11 09:58:22
52,expressjs,7,,2024-09-11 09:58:22,2024-09-11 09:58:22
53,nestjs,7,,2024-09-11 09:58:22,2024-09-11 09:58:22
54,springBoot,7,,2024-09-11 09:58:22,2024-09-11 09:58:22
55,laravel,7,,2024-09-11 09:58:22,2024-09-11 09:58:22
56,codeIgniter,7,,2024-09-11 09:58:22,2024-09-11 09:58:22
57,symphony,7,,2024-09-11 09:58:22,2024-09-11 09:58:22
58,fastapi,7,,2024-09-11 09:58:22,2024-09-11 09:58:22
59,django,7,,2024-09-11 09:58:22,2024-09-11 09:58:22
60,flask,7,,2024-09-11 09:58:22,2024-09-11 09:58:22
61,swiftui,7,,2024-09-11 09:58:22,2024-09-11 09:58:22
62,asp.net,7,,2024-09-11 09:58:22,2024-09-11 09:58:22
63,ruby on rails,7,,2024-09-11 09:58:22,2024-09-11 09:58:22
64,spring mvc,7,,2024-09-11 09:58:22,2024-09-11 09:58:22
65,hibernate,7,,2024-09-11 09:58:22,2024-09-11 09:58:22
66,asp.net core,7,,2024-09-11 09:58:22,2024-09-11 09:58:22
67,photoshop,4,,2024-09-11 09:58:22,2024-09-11 09:58:22
68,canva,4,,2024-09-11 09:58:22,2024-09-11 09:58:22
69,illustrator,4,,2024-09-11 09:58:22,2024-09-11 09:58:22
70,adobe xd,4,,2024-09-11 09:58:22,2024-09-11 09:58:22
71,final cut pro,4,,2024-09-11 09:58:22,2024-09-11 09:58:22
72,invision,4,,2024-09-11 09:58:22,2024-09-11 09:58:22
73,sketch,4,,2024-09-11 09:58:22,2024-09-11 09:58:22
74,figma,4,,2024-09-11 09:58:22,2024-09-11 09:58:22
75,lambda,8,,2024-09-11 09:58:22,2024-09-11 09:58:22
76,s3 bucket,8,,2024-09-11 09:58:22,2024-09-11 09:58:22
77,google cloud storage,8,,2024-09-11 09:58:22,2024-09-11 09:58:22
78,azure blob storage,8,,2024-09-11 09:58:22,2024-09-11 09:58:22
79,mysql,1,,2024-09-11 09:58:22,2024-09-11 09:58:22
80,postgresql,1,,2024-09-11 09:58:22,2024-09-11 09:58:22
81,mongodb,1,,2024-09-11 09:58:22,2024-09-11 09:58:22
82,oracle,1,,2024-09-11 09:58:22,2024-09-11 09:58:22
83,hbase,1,,2024-09-11 09:58:22,2024-09-11 09:58:22
84,neo4j,1,,2024-09-11 09:58:22,2024-09-11 09:58:22
85,microsoft sql server,1,,2024-09-11 09:58:22,2024-09-11 09:58:22
86,sqlite,1,,2024-09-11 09:58:22,2024-09-11 09:58:22
87,redis,1,,2024-09-11 09:58:22,2024-09-11 09:58:22
88,cassandra,1,,2024-09-11 09:58:22,2024-09-11 09:58:22
89,swagger,11,,2024-09-11 09:58:22,2024-09-11 09:58:22
90,postman,11,,2024-09-11 09:58:22,2024-09-11 09:58:22
91,soapui,11,,2024-09-11 09:58:22,2024-09-11 09:58:22
92,jmeter,11,,2024-09-11 09:58:22,2024-09-11 09:58:22
93,testrail,11,,2024-09-11 09:58:22,2024-09-11 09:58:22
94,teams,3,,2024-09-11 09:58:22,2024-09-11 09:58:22
95,trello,3,,2024-09-11 09:58:22,2024-09-11 09:58:22
96,jira,3,,2024-09-11 09:58:22,2024-09-11 09:58:22
97,asana,3,,2024-09-11 09:58:22,2024-09-11 09:58:22
98,slack,3,,2024-09-11 09:58:22,2024-09-11 09:58:22
99,notion,3,,2024-09-11 09:58:22,2024-09-11 09:58:22
100,basecamp,3,,2024-09-11 09:58:22,2024-09-11 09:58:22
101,clickup,3,,2024-09-11 09:58:22,2024-09-11 09:58:22
102,airtable,3,,2024-09-11 09:58:22,2024-09-11 09:58:22
103,smartsheet,3,,2024-09-11 09:58:22,2024-09-11 09:58:22
104,agile,9,,2024-09-11 09:58:22,2024-09-11 09:58:22
105,scrum,9,,2024-09-11 09:58:22,2024-09-11 09:58:22
106,extreme programming,9,,2024-09-11 09:58:22,2024-09-11 09:58:22
107,azure data factory,1,,2024-09-11 09:58:22,2024-09-11 09:58:22
108,power bi,1,,2024-09-11 09:58:22,2024-09-11 09:58:22
109,git,8,,2024-09-11 09:58:22,2024-09-11 09:58:22
110,gitlab,8,,2024-09-11 09:58:22,2024-09-11 09:58:22
111,bitbucket,8,,2024-09-11 09:58:22,2024-09-11 09:58:22
112,jenkins,8,,2024-09-11 09:58:22,2024-09-11 09:58:22
113,kubernetes,8,,2024-09-11 09:58:22,2024-09-11 09:58:22
114,docker,8,,2024-09-11 09:58:22,2024-09-11 09:58:22
115,chef,8,,2024-09-11 09:58:22,2024-09-11 09:58:22
116,puppet,8,,2024-09-11 09:58:22,2024-09-11 09:58:22
117,azure devops,8,,2024-09-11 09:58:22,2024-09-11 09:58:22
118,terraform,8,,2024-09-11 09:58:22,2024-09-11 09:58:22
119,ansible,8,,2024-09-11 09:58:22,2024-09-11 09:58:22
120,github actions,8,,2024-09-11 09:58:22,2024-09-11 09:58:22
121,gitlab ci/cd,8,,2024-09-11 09:58:22,2024-09-11 09:58:22
122,bitbucket pipelines,8,,2024-09-11 09:58:22,2024-09-11 09:58:22
123,circleci,8,,2024-09-11 09:58:22,2024-09-11 09:58:22
124,teamcity,8,,2024-09-11 09:58:22,2024-09-11 09:58:22
125,aws codepipeline,8,,2024-09-11 09:58:22,2024-09-11 09:58:22
126,spinnaker,8,,2024-09-11 09:58:22,2024-09-11 09:58:22
127,helm,8,,2024-09-11 09:58:22,2024-09-11 09:58:22
128,rancher,8,,2024-09-11 09:58:22,2024-09-11 09:58:22
129,vagrant,8,,2024-09-11 09:58:22,2024-09-11 09:58:22
130,azure kubernetes service,8,,2024-09-11 09:58:22,2024-09-11 09:58:22
131,google kubernetes engine,8,,2024-09-11 09:58:22,2024-09-11 09:58:22
132,amazon elastic container service,8,,2024-09-11 09:58:22,2024-09-11 09:58:22
133,azure container instances,8,,2024-09-11 09:58:22,2024-09-11 09:58:22
134,dockerhub,8,,2024-09-11 09:58:22,2024-09-11 09:58:22
135,quay,8,,2024-09-11 09:58:22,2024-09-11 09:58:22
136,azure container registry,8,,2024-09-11 09:58:22,2024-09-11 09:58:22
137,aws elastic container registry,8,,2024-09-11 09:58:22,2024-09-11 09:58:22
138,murex,12,,2024-09-11 10:14:56,2024-09-11 10:14:56
139,calypso,12,,2024-09-11 10:14:56,2024-09-11 10:14:56
140,summit,12,,2024-09-11 10:14:56,2024-09-11 10:14:56
141,sophis,12,,2024-09-11 10:14:56,2024-09-11 10:14:56
142,business analysis,5,,2024-09-11 10:14:56,2024-09-11 10:14:56
143,project management,9,,2024-09-11 10:14:56,2024-09-11 10:14:56
144,data & solution architecture,8,,2024-09-11 10:14:56,2024-09-11 10:14:56
145,risk management,6,,2024-09-11 10:14:56,2024-09-11 10:14:56
146,consulting,2,,2024-09-11 10:14:56,2024-09-11 10:14:56
147,frtb,6,,2024-09-11 10:14:56,2024-09-11 10:14:56
148,stress tests,11,,2024-09-11 10:14:56,2024-09-11 10:14:56
149,sensibilit?,6,,2024-09-11 10:14:56,2024-09-11 10:14:56
150,fx derivatives,6,,2024-09-11 10:14:56,2024-09-11 10:14:56
151,ir derivatives,6,,2024-09-11 10:14:56,2024-09-11 10:14:56
152,Electronic platforms,6,,2024-09-11 10:14:56,2024-09-11 10:14:56
153,PnL,6,,2024-09-11 10:14:56,2024-09-11 10:14:56
154,sales margins,6,,2024-09-11 10:14:56,2024-09-11 10:14:56
155,marketdata,6,,2024-09-11 10:14:56,2024-09-11 10:14:56
156,collateral management,6,,2024-09-11 10:14:56,2024-09-11 10:14:56
157,swifts,6,,2024-09-11 10:14:56,2024-09-11 10:14:56
158,payments & confirmations,6,,2024-09-11 10:14:56,2024-09-11 10:14:56
159,regulatory,6,,2024-09-11 10:14:56,2024-09-11 10:14:56
160,emir,6,,2024-09-11 10:14:56,2024-09-11 10:14:56
161,dodd-frank,6,,2024-09-11 10:14:56,2024-09-11 10:14:56
162,accounting rules,6,,2024-09-11 10:14:56,2024-09-11 10:14:56
163,murex risk,12,,2024-09-11 10:14:56,2024-09-11 10:14:56
164,udrm,12,,2024-09-11 10:14:56,2024-09-11 10:14:56
165,var,12,,2024-09-11 10:14:56,2024-09-11 10:14:56
166,risk matrix,12,,2024-09-11 10:14:56,2024-09-11 10:14:56
167,realtime,12,,2024-09-11 10:14:56,2024-09-11 10:14:56
168,flex products,12,,2024-09-11 10:14:56,2024-09-11 10:14:56
169,etradepad,12,,2024-09-11 10:14:56,2024-09-11 10:14:56
170,contract wf,12,,2024-09-11 10:14:56,2024-09-11 10:14:56
171,pretrade,12,,2024-09-11 10:14:56,2024-09-11 10:14:56
172,posttrade,12,,2024-09-11 10:14:56,2024-09-11 10:14:56
173,mxml exchange,12,,2024-09-11 10:14:56,2024-09-11 10:14:56
174,market data,12,,2024-09-11 10:14:56,2024-09-11 10:14:56
175,portfolio,12,,2024-09-11 10:14:56,2024-09-11 10:14:56
176,counterparts,12,,2024-09-11 10:14:56,2024-09-11 10:14:56
177,market rate sheets,12,,2024-09-11 10:14:56,2024-09-11 10:14:56
178,revaluation rate curves,12,,2024-09-11 10:14:56,2024-09-11 10:14:56
179,futures,12,,2024-09-11 10:14:56,2024-09-11 10:14:56
180,historical data,12,,2024-09-11 10:14:56,2024-09-11 10:14:56
181,accounting module,12,,2024-09-11 10:14:56,2024-09-11 10:14:56
182,datamart configuration,12,,2024-09-11 10:14:56,2024-09-11 10:14:56
183,mreports,12,,2024-09-11 10:14:56,2024-09-11 10:14:56
184,safe methodologies,9,,2024-09-11 10:14:56,2024-09-11 10:14:56
185,scrum master,9,,2024-09-11 10:14:56,2024-09-11 10:14:56
186,human resources management,2,,2024-09-11 10:14:56,2024-09-11 10:14:56
187,ssis,1,,2024-09-11 10:14:56,2024-09-11 10:14:56
188,ssas,1,,2024-09-11 10:14:56,2024-09-11 10:14:56
189,ssrs,1,,2024-09-11 10:14:56,2024-09-11 10:14:56
190,sql server,1,,2024-09-11 10:14:56,2024-09-11 10:14:56
191,dax,1,,2024-09-11 10:14:56,2024-09-11 10:14:56
192,tableaux,1,,2024-09-11 10:14:56,2024-09-11 10:14:56
193,sybase,1,,2024-09-11 10:14:56,2024-09-11 10:14:56
194,sybase iq,1,,2024-09-11 10:14:56,2024-09-11 10:14:56
195,hive,1,,2024-09-11 10:14:56,2024-09-11 10:14:56
196,phoenix,1,,2024-09-11 10:14:56,2024-09-11 10:14:56
197,indexima,1,,2024-09-11 10:14:56,2024-09-11 10:14:56
198,azure sql db,1,,2024-09-11 10:14:56,2024-09-11 10:14:56
199,azure ad,8,,2024-09-11 10:14:56,2024-09-11 10:14:56
200,sharepoint,8,,2024-09-11 10:14:56,2024-09-11 10:14:56
201,office 365,3,,2024-09-11 10:14:56,2024-09-11 10:14:56
202,people soft crm,3,,2024-09-11 10:14:56,2024-09-11 10:14:56
203,confluence,3,,2024-09-11 10:14:56,2024-09-11 10:14:56
204,orqa testing tool,11,,2024-09-11 10:14:56,2024-09-11 10:14:56
205,automation for all java based softs,8,,2024-09-11 10:14:56,2024-09-11 10:14:56
206,unix,8,,2024-09-11 10:14:56,2024-09-11 10:14:56
207,ksh,8,,2024-09-11 10:14:56,2024-09-11 10:14:56
208,oop languages,5,,2024-09-11 10:14:56,2024-09-11 10:14:56
209,sql,1,,2024-09-11 10:14:56,2024-09-11 10:14:56
210,control-m,8,,2024-09-11 10:14:56,2024-09-11 10:14:56
211,cyberark,8,,2024-09-11 10:14:56,2024-09-11 10:14:56
212,rest api,8,,2024-09-11 10:14:56,2024-09-11 10:14:56
213,json files,8,,2024-09-11 10:14:56,2024-09-11 10:14:56
214,tensors,5,,2024-09-11 10:14:56,2024-09-11 10:14:56
215,xml,5,,2024-09-11 10:14:56,2024-09-11 10:14:56
216,xsl,5,,2024-09-11 10:14:56,2024-09-11 10:14:56
217,leadership,10,,2024-09-11 10:15:11,2024-09-11 10:15:11
218,sustainability,2,,2024-09-11 10:15:11,2024-09-11 10:15:11
219,policy making,2,,2024-09-11 10:15:11,2024-09-11 10:15:11
220,software architecture,5,,2024-09-11 10:15:11,2024-09-11 10:15:11
221,data architecture,1,,2024-09-11 10:15:11,2024-09-11 10:15:11
222,information technology,5,,2024-09-11 10:15:11,2024-09-11 10:15:11
223,mathematics,5,,2024-09-11 10:15:11,2024-09-11 10:15:11
224,market risk,6,,2024-09-11 10:15:45,2024-09-11 10:15:45
225,business development,2,,2024-09-11 10:15:45,2024-09-11 10:15:45
226,market studies,2,,2024-09-11 10:15:45,2024-09-11 10:15:45
227,fund-raising,2,,2024-09-11 10:15:45,2024-09-11 10:15:45
228,engineering,5,,2024-09-11 10:15:45,2024-09-11 10:15:45
229,fx options,6,,2024-09-11 10:15:45,2024-09-11 10:15:45
230,information system mapping,5,,2024-09-11 10:15:45,2024-09-11 10:15:45
231,identity management,5,,2024-09-11 10:15:45,2024-09-11 10:15:45
232,caim,5,,2024-09-11 10:15:45,2024-09-11 10:15:45
233,crm intranet,5,,2024-09-11 10:15:45,2024-09-11 10:15:45
234,user support,8,,2024-09-11 10:15:45,2024-09-11 10:15:45
235,network setup,8,,2024-09-11 10:15:45,2024-09-11 10:15:45
236,recruitment process,2,,2024-09-11 10:16:07,2024-09-11 10:16:07
237,career management,2,,2024-09-11 10:16:07,2024-09-11 10:16:07
238,absence management,2,,2024-09-11 10:16:07,2024-09-11 10:16:07
239,vacation demands management,2,,2024-09-11 10:16:07,2024-09-11 10:16:07
240,remuneration system,2,,2024-09-11 10:16:07,2024-09-11 10:16:07
241,field prospecting,2,,2024-09-11 10:16:07,2024-09-11 10:16:07
242,client data entry,2,,2024-09-11 10:16:07,2024-09-11 10:16:07
243,call clients for purchase confirmation,2,,2024-09-11 10:16:07,2024-09-11 10:16:07
244,customer relationship management,2,,2024-09-11 10:16:07,2024-09-11 10:16:07
245,welcome clients and prospects,2,,2024-09-11 10:16:07,2024-09-11 10:16:07
246,customer recovery,2,,2024-09-11 10:16:07,2024-09-11 10:16:07
247,classify customers,2,,2024-09-11 10:16:07,2024-09-11 10:16:07
248,communication,10,,2024-09-11 10:16:07,2024-09-11 10:16:07
249,autonomy,10,,2024-09-11 10:16:07,2024-09-11 10:16:07
250,punctuality,10,,2024-09-11 10:16:07,2024-09-11 10:16:07
251,creativity,10,,2024-09-11 10:16:07,2024-09-11 10:16:07
252,adaptability,10,,2024-09-11 10:16:07,2024-09-11 10:16:07
253,team work,10,,2024-09-11 10:16:07,2024-09-11 10:16:07
254,fast learning ability,10,,2024-09-11 10:16:07,2024-09-11 10:16:07
255,detail oriented,10,,2024-09-11 10:16:07,2024-09-11 10:16:07
256,driving license,10,,2024-09-11 10:16:07,2024-09-11 10:16:07
257,microsoft excel,3,,2024-09-11 10:16:07,2024-09-11 10:16:07
258,microsoft word,3,,2024-09-11 10:16:07,2024-09-11 10:16:07
259,microsoft powerpoint,3,,2024-09-11 10:16:07,2024-09-11 10:16:07
260,content creation,2,,2024-09-11 10:16:07,2024-09-11 10:16:07
261,business cards,2,,2024-09-11 10:16:07,2024-09-11 10:16:07
262,flyers,2,,2024-09-11 10:16:07,2024-09-11 10:16:07
263,market research,2,,2024-09-11 10:16:07,2024-09-11 10:16:07
264,express,7,,2024-09-11 10:16:12,2024-09-11 10:16:12
265,spring boot,7,,2024-09-11 10:16:12,2024-09-11 10:16:12
266,android,7,,2024-09-11 10:16:12,2024-09-11 10:16:12
267,rest,8,,2024-09-11 10:16:12,2024-09-11 10:16:12
268,soap,8,,2024-09-11 10:16:12,2024-09-11 10:16:12
269,graphql,8,,2024-09-11 10:16:12,2024-09-11 10:16:12
270,grpc,8,,2024-09-11 10:16:12,2024-09-11 10:16:12
271,websockets,8,,2024-09-11 10:16:12,2024-09-11 10:16:12
272,linux,8,,2024-09-11 10:16:12,2024-09-11 10:16:12
273,tensorflowjs,1,,2024-09-11 10:16:12,2024-09-11 10:16:12
274,prisma,8,,2024-09-11 10:16:12,2024-09-11 10:16:12
275,nginx,8,,2024-09-11 10:16:12,2024-09-11 10:16:12
276,linode,8,,2024-09-11 10:16:12,2024-09-11 10:16:12
277,r?silience,10,,2024-09-11 10:16:12,2024-09-11 10:16:12
278,organisation,10,,2024-09-11 10:16:12,2024-09-11 10:16:12
279,cr?ativit?,10,,2024-09-11 10:16:12,2024-09-11 10:16:12
280,travail en ?quipe,10,,2024-09-11 10:16:12,2024-09-11 10:16:12
281,redux,7,,2024-09-11 10:16:15,2024-09-11 10:16:15
282,tailwind css,7,,2024-09-11 10:16:15,2024-09-11 10:16:15
283,swaggerui,8,,2024-09-11 10:16:15,2024-09-11 10:16:15
284,cpanel,8,,2024-09-11 10:16:15,2024-09-11 10:16:15
285,blade,8,,2024-09-11 10:16:15,2024-09-11 10:16:15
286,uml,5,,2024-09-11 10:16:15,2024-09-11 10:16:15
287,pl/sql,1,,2024-09-11 10:16:15,2024-09-11 10:16:15
288,jee,7,,2024-09-11 10:16:15,2024-09-11 10:16:15
289,node.js,7,,2024-09-11 10:16:15,2024-09-11 10:16:15
290,express.js,7,,2024-09-11 10:16:15,2024-09-11 10:16:15
291,aws,8,,2024-09-11 10:16:15,2024-09-11 10:16:15
292,kanban,3,,2024-09-11 10:16:15,2024-09-11 10:16:15
293,waterfall,9,,2024-09-11 10:16:15,2024-09-11 10:16:15
294,merise,5,,2024-09-11 10:16:15,2024-09-11 10:16:15
295,design pattern,5,,2024-09-11 10:16:15,2024-09-11 10:16:15
296,organisational management,9,,2024-09-11 10:16:19,2024-09-11 10:16:19
297,strategic management,9,,2024-09-11 10:16:19,2024-09-11 10:16:19
298,marketing strategies,2,,2024-09-11 10:16:19,2024-09-11 10:16:19
299,commerce principles,2,,2024-09-11 10:16:19,2024-09-11 10:16:19
300,sme management,2,,2024-09-11 10:16:19,2024-09-11 10:16:19
301,smi management,2,,2024-09-11 10:16:19,2024-09-11 10:16:19
302,economics,2,,2024-09-11 10:16:19,2024-09-11 10:16:19
303,management,9,,2024-09-11 10:16:19,2024-09-11 10:16:19
304,recruitment,2,,2024-09-11 10:16:27,2024-09-11 10:16:27
305,next13,7,,2024-09-11 10:16:32,2024-09-11 10:16:32
306,android (java),7,,2024-09-11 10:16:32,2024-09-11 10:16:32
307,react.js,7,,2024-09-11 10:16:37,2024-09-11 10:16:37
308,sciences,5,,2024-09-11 10:16:37,2024-09-11 10:16:37
309,next.js,7,,2024-09-11 10:16:56,2024-09-11 10:16:56
310,reactjs,7,,2024-09-11 10:16:56,2024-09-11 10:16:56
311,jwt,8,,2024-09-11 10:16:56,2024-09-11 10:16:56
312,prismajs,8,,2024-09-11 10:16:57,2024-09-11 10:16:57
313,github,8,,2024-09-11 10:17:02,2024-09-11 10:17:02
314,restful services,8,,2024-09-11 10:19:00,2024-09-11 10:19:00
315,llamaindex,8,,2024-09-11 10:19:00,2024-09-11 10:19:00
316,opencv,1,,2024-09-11 10:19:00,2024-09-11 10:19:00
317,yolov3,8,,2024-09-11 10:19:00,2024-09-11 10:19:00
318,thymeleaf,8,,2024-09-11 10:19:00,2024-09-11 10:19:00
319,android app development,7,,2024-09-11 10:19:00,2024-09-11 10:19:00
320,devops,8,,2024-09-11 10:19:00,2024-09-11 10:19:00
321,cloud,8,,2024-09-11 10:19:00,2024-09-11 10:19:00
322,teamwork,10,,2024-09-11 10:19:00,2024-09-11 10:19:00
323,time management,10,,2024-09-11 10:19:00,2024-09-11 10:19:00
324,work organization,10,,2024-09-11 10:19:00,2024-09-11 10:19:00
325,webpack,8,,2024-09-11 10:19:02,2024-09-11 10:19:02
326,azure,8,,2024-09-11 10:19:02,2024-09-11 10:19:02
327,keycloak,8,,2024-09-11 10:19:02,2024-09-11 10:19:02
328,spring cloud,7,,2024-09-11 10:19:02,2024-09-11 10:19:02
329,junit,11,,2024-09-11 10:19:02,2024-09-11 10:19:02
330,sonar,11,,2024-09-11 10:19:02,2024-09-11 10:19:02
331,snyk,8,,2024-09-11 10:19:02,2024-09-11 10:19:02
332,cypress,11,,2024-09-11 10:19:02,2024-09-11 10:19:02
333,karate,11,,2024-09-11 10:19:02,2024-09-11 10:19:02
334,intellij,8,,2024-09-11 10:19:02,2024-09-11 10:19:02
335,eclipse,8,,2024-09-11 10:19:02,2024-09-11 10:19:02
336,spring framework,7,,2024-09-11 10:19:02,2024-09-11 10:19:02
337,camunda,5,,2024-09-11 10:19:02,2024-09-11 10:19:02
338,spring security,7,,2024-09-11 10:19:02,2024-09-11 10:19:02
339,product backlog grooming,9,,2024-09-11 10:19:09,2024-09-11 10:19:09
340,workshops,10,,2024-09-11 10:19:09,2024-09-11 10:19:09
341,solutions design,5,,2024-09-11 10:19:09,2024-09-11 10:19:09
342,interface design,4,,2024-09-11 10:19:09,2024-09-11 10:19:09
343,data models,1,,2024-09-11 10:19:09,2024-09-11 10:19:09
344,technical specifications,5,,2024-09-11 10:19:09,2024-09-11 10:19:09
345,sprint planning,3,,2024-09-11 10:19:09,2024-09-11 10:19:09
346,j2ee,7,,2024-09-11 10:19:09,2024-09-11 10:19:09
347,business readiness workshops,2,,2024-09-11 10:19:09,2024-09-11 10:19:09
348,uat scenarios,11,,2024-09-11 10:19:09,2024-09-11 10:19:09
349,client presentations,2,,2024-09-11 10:19:09,2024-09-11 10:19:09
350,scoping,9,,2024-09-11 10:19:09,2024-09-11 10:19:09
351,sap commerce,2,,2024-09-11 10:19:09,2024-09-11 10:19:09
352,openapi,8,,2024-09-11 10:19:09,2024-09-11 10:19:09
353,microservices,5,,2024-09-11 10:19:09,2024-09-11 10:19:09
354,spring data,7,,2024-09-11 10:19:09,2024-09-11 10:19:09
355,spring batch,7,,2024-09-11 10:19:09,2024-09-11 10:19:09
356,maven,8,,2024-09-11 10:19:09,2024-09-11 10:19:09
357,jpa,8,,2024-09-11 10:19:09,2024-09-11 10:19:09
358,web services,7,,2024-09-11 10:19:09,2024-09-11 10:19:09
359,openfeign,8,,2024-09-11 10:19:09,2024-09-11 10:19:09
360,liquibase,8,,2024-09-11 10:19:09,2024-09-11 10:19:09
361,h2,1,,2024-09-11 10:19:09,2024-09-11 10:19:09
362,elasticsearch,1,,2024-09-11 10:19:09,2024-09-11 10:19:09
363,crucible,8,,2024-09-11 10:19:09,2024-09-11 10:19:09
364,lean methodology,9,,2024-09-11 10:19:09,2024-09-11 10:19:09
365,oracle cc&b,1,,2024-09-11 10:19:09,2024-09-11 10:19:09
366,sqldeveloper,1,,2024-09-11 10:19:09,2024-09-11 10:19:09
367,svn,8,,2024-09-11 10:19:09,2024-09-11 10:19:09
368,networking,8,,2024-09-11 10:19:13,2024-09-11 10:19:13
369,artificial intelligence,1,,2024-09-11 10:19:13,2024-09-11 10:19:13
370,web development,7,,2024-09-11 10:19:13,2024-09-11 10:19:13
371,mobile development,5,,2024-09-11 10:19:13,2024-09-11 10:19:13
372,mobile engineering,5,,2024-09-11 10:19:13,2024-09-11 10:19:13
373,iot,5,,2024-09-11 10:19:13,2024-09-11 10:19:13
374,data analysis,1,,2024-09-11 10:19:13,2024-09-11 10:19:13
375,software development,5,,2024-09-11 10:19:13,2024-09-11 10:19:13
376,information security,5,,2024-09-11 10:19:23,2024-09-11 10:19:23
377,cryptology,5,,2024-09-11 10:19:23,2024-09-11 10:19:23
378,computer science,5,,2024-09-11 10:19:23,2024-09-11 10:19:23
379,workshop facilitation,10,,2024-09-11 10:19:46,2024-09-11 10:19:46
380,stakeholder management,2,,2024-09-11 10:19:46,2024-09-11 10:19:46
381,functional specifications,5,,2024-09-11 10:19:46,2024-09-11 10:19:46
382,micro-services,5,,2024-09-11 10:19:46,2024-09-11 10:19:46
383,lean,8,,2024-09-11 10:19:46,2024-09-11 10:19:46
384,postgres,1,,2024-09-11 10:19:51,2024-09-11 10:19:51
385,amazon web services,8,,2024-09-11 10:19:51,2024-09-11 10:19:51
386,hashicorp vault,8,,2024-09-11 10:19:51,2024-09-11 10:19:51
387,rabbitmq,8,,2024-09-11 10:19:51,2024-09-11 10:19:51
388,java spring boot,7,,2024-09-11 10:19:52,2024-09-11 10:19:52
389,spring data jpa,7,,2024-09-11 10:19:52,2024-09-11 10:19:52
390,relational database concepts,1,,2024-09-11 10:19:52,2024-09-11 10:19:52
391,http protocol,8,,2024-09-11 10:19:52,2024-09-11 10:19:52
392,rest standard,8,,2024-09-11 10:19:52,2024-09-11 10:19:52
393,clean code conventions,8,,2024-09-11 10:19:52,2024-09-11 10:19:52
394,microservices architecture principles,5,,2024-09-11 10:19:52,2024-09-11 10:19:52
395,java jee,5,,2024-09-19 17:27:44,2024-09-19 17:27:44
396,html/css,7,,2024-09-19 17:27:44,2024-09-19 17:27:44
397,json,8,,2024-09-19 17:27:44,2024-09-19 17:27:44
398,spring aop,7,,2024-09-19 17:27:44,2024-09-19 17:27:44
399,jsp/primefaces,8,,2024-09-19 17:27:44,2024-09-19 17:27:44
400,vscode,8,,2024-09-19 17:27:44,2024-09-19 17:27:44
401,websphere,8,,2024-09-19 17:27:44,2024-09-19 17:27:44
402,jboss,8,,2024-09-19 17:27:44,2024-09-19 17:27:44
403,tomcat,8,,2024-09-19 17:27:44,2024-09-19 17:27:44
404,design patterns,5,,2024-09-19 17:27:44,2024-09-19 17:27:44
405,soap api,8,,2024-09-19 17:27:44,2024-09-19 17:27:44
406,monolithic architecture,7,,2024-09-19 17:27:44,2024-09-19 17:27:44
407,soa,8,,2024-09-19 17:27:44,2024-09-19 17:27:44
408,mockito,11,,2024-09-19 17:27:44,2024-09-19 17:27:44
409,minio,8,,2024-09-19 17:27:44,2024-09-19 17:27:44
410,kafka,8,,2024-09-19 17:27:44,2024-09-19 17:27:44
411,angular 9,7,,2024-09-19 17:27:44,2024-09-19 17:27:44
412,gerrit,8,,2024-09-19 17:27:44,2024-09-19 17:27:44
413,gradle,8,,2024-09-19 17:27:44,2024-09-19 17:27:44
414,mapstruct,8,,2024-09-19 17:27:44,2024-09-19 17:27:44
415,angular 6,7,,2024-09-19 17:27:44,2024-09-19 17:27:44
416,material design,4,,2024-09-19 17:27:44,2024-09-19 17:27:44
417,apache kafka,8,,2024-09-19 17:27:44,2024-09-19 17:27:44
418,jsf/primefaces,8,,2024-09-19 17:27:44,2024-09-19 17:27:44
419,oracledb,1,,2024-09-19 17:27:44,2024-09-19 17:27:44
420,dozer,8,,2024-09-19 17:27:44,2024-09-19 17:27:44
421,sso,8,,2024-09-19 17:27:44,2024-09-19 17:27:44
422,arquillian,8,,2024-09-19 17:27:44,2024-09-19 17:27:44
423,alfresco,8,,2024-09-19 17:27:44,2024-09-19 17:27:44
424,rest apis,5,,2024-09-19 17:27:51,2024-09-19 17:27:51
425,github organization,8,,2024-09-19 17:27:51,2024-09-19 17:27:51
426,pipeline,8,,2024-09-19 17:27:51,2024-09-19 17:27:51
427,bpmn,9,,2024-09-19 17:27:51,2024-09-19 17:27:51
428,flowable,9,,2024-09-19 17:27:51,2024-09-19 17:27:51
429,windows,8,,2024-09-19 17:27:51,2024-09-19 17:27:51
430,gantt,8,,2024-09-19 17:27:51,2024-09-19 17:27:51
431,authentication,5,,2024-09-19 17:27:51,2024-09-19 17:27:51
432,authorization,5,,2024-09-19 17:27:51,2024-09-19 17:27:51
433,ci/cd,8,,2024-09-19 17:27:51,2024-09-19 17:27:51
434,machine learning,5,,2024-09-19 17:27:51,2024-09-19 17:27:51
435,predictive analysis,5,,2024-09-19 17:27:51,2024-09-19 17:27:51
436,entrepreneurial skills,2,,2024-09-19 17:27:51,2024-09-19 17:27:51
437,social skills,10,,2024-09-19 17:27:51,2024-09-19 17:27:51
438,analytical thinking,10,,2024-09-19 17:27:51,2024-09-19 17:27:51
439,organizational skills,10,,2024-09-19 17:27:51,2024-09-19 17:27:51
440,spring,8,,2024-09-19 17:27:56,2024-09-19 17:27:56
441,physics,5,,2024-09-19 17:28:09,2024-09-19 17:28:09
442,java 11,5,,2024-09-19 17:28:35,2024-09-19 17:28:35
443,java/jee 8,5,,2024-09-19 17:28:35,2024-09-19 17:28:35
444,cloud foundry,8,,2024-09-19 17:28:35,2024-09-19 17:28:35
445,java 8,5,,2024-09-19 17:28:35,2024-09-19 17:28:35
446,jsf,7,,2024-09-19 17:28:35,2024-09-19 17:28:35
447,elasticstack,8,,2024-09-19 17:38:00,2024-09-19 17:38:00
448,"spring boot (cloud, data, security)",7,,2024-09-19 17:38:22,2024-09-19 17:38:22
449,tanzu vmware,8,,2024-09-19 17:38:34,2024-09-19 17:38:34
450,openshift,8,,2024-09-19 17:38:34,2024-09-19 17:38:34
451,hadoop,1,,2024-09-19 17:38:34,2024-09-19 17:38:34
452,spark,1,,2024-09-19 17:38:34,2024-09-19 17:38:34
453,mac os,8,,2024-09-19 17:38:34,2024-09-19 17:38:34
454,quickbooks,6,,2024-09-19 17:38:41,2024-09-19 17:38:41
455,api,5,,2024-09-19 17:38:41,2024-09-19 17:38:41
456,cloudfoundry,8,,2024-09-19 17:39:45,2024-09-19 17:39:45
457,mariadb,1,,2024-09-19 17:39:45,2024-09-19 17:39:45
458,macos,8,,2024-09-19 17:39:45,2024-09-19 17:39:45
459,requirement analysis,5,,2024-09-23 13:53:14,2024-09-23 13:53:14
460,financial modeling,6,,2024-09-23 13:53:14,2024-09-23 13:53:14
461,specification writing,5,,2024-09-23 13:53:14,2024-09-23 13:53:14
462,system parameterization,8,,2024-09-23 13:53:14,2024-09-23 13:53:14
463,documenting changes,5,,2024-09-23 13:53:14,2024-09-23 13:53:14
464,test planning,11,,2024-09-23 13:53:14,2024-09-23 13:53:14
465,testing,11,,2024-09-23 13:53:14,2024-09-23 13:53:14
466,validation document drafting,5,,2024-09-23 13:53:14,2024-09-23 13:53:14
467,level 2 support,2,,2024-09-23 13:53:14,2024-09-23 13:53:14
468,hr management,2,,2024-09-30 09:19:01,2024-09-30 09:19:01
469,team spirit,10,,2024-09-30 09:19:01,2024-09-30 09:19:01
470,problem solving,5,,2024-09-30 09:19:01,2024-09-30 09:19:01
471,multi-tasking,10,,2024-09-30 09:19:01,2024-09-30 09:19:01
472,customer relationship,2,,2024-09-30 09:19:01,2024-09-30 09:19:01
473,teaching,10,,2024-09-30 09:19:01,2024-09-30 09:19:01
474,talent acquisition,2,,2024-09-30 09:19:01,2024-09-30 09:19:01
475,employer branding,2,,2024-09-30 09:19:01,2024-09-30 09:19:01
476,regulatory compliance,6,,2024-09-30 09:19:01,2024-09-30 09:19:01
477,excel,3,,2024-09-30 09:19:01,2024-09-30 09:19:01
478,access,1,,2024-09-30 09:19:01,2024-09-30 09:19:01
479,word,3,,2024-09-30 09:19:01,2024-09-30 09:19:01
480,powerpoint,3,,2024-09-30 09:19:01,2024-09-30 09:19:01
481,event organization,2,,2024-09-30 09:19:01,2024-09-30 09:19:01
482,legal compliance,2,,2024-09-30 09:19:18,2024-09-30 09:19:18
483,finance,6,,2024-09-30 09:19:18,2024-09-30 09:19:18
484,accounting,6,,2024-09-30 09:19:18,2024-09-30 09:19:18
485,customer service,2,,2024-09-30 16:53:50,2024-09-30 16:53:50
486,client retention,2,,2024-09-30 16:53:50,2024-09-30 16:53:50
487,product sales,2,,2024-09-30 16:53:50,2024-09-30 16:53:50
488,exam preparation,10,,2024-09-30 16:53:50,2024-09-30 16:53:50
489,course animation,10,,2024-09-30 16:53:51,2024-09-30 16:53:51
490,activity organization,10,,2024-09-30 16:53:51,2024-09-30 16:53:51
491,client reception,2,,2024-09-30 16:53:51,2024-09-30 16:53:51
492,sales,2,,2024-09-30 16:53:51,2024-09-30 16:53:51
493,activity assurance,2,,2024-09-30 16:53:51,2024-09-30 16:53:51
494,safe,3,,2024-10-23 09:19:51,2024-10-23 09:19:51
495,cloudwatch,8,,2024-10-23 09:19:51,2024-10-23 09:19:51
496,grafana,8,,2024-10-23 09:19:51,2024-10-23 09:19:51
497,hybris,8,,2024-10-23 09:19:51,2024-10-23 09:19:51
498,react js,7,,2024-10-23 09:20:00,2024-10-23 09:20:00
499,node js,7,,2024-10-23 09:20:00,2024-10-23 09:20:00
500,agile methodology,3,,2024-10-23 09:20:06,2024-10-23 09:20:06
501,sonarqube,11,,2024-10-23 09:20:06,2024-10-23 09:20:06
502,programming,5,,2024-10-23 09:20:10,2024-10-23 09:20:10
503,algorithms,5,,2024-10-23 09:20:10,2024-10-23 09:20:10
504,database management,1,,2024-10-23 09:20:10,2024-10-23 09:20:10
505,engineering sciences,5,,2024-10-23 09:20:10,2024-10-23 09:20:10
506,csv,1,,2024-10-23 09:20:20,2024-10-23 09:20:20
507,attendance tracking,2,,2024-11-08 15:00:24,2024-11-08 15:00:24
508,leave request management,2,,2024-11-08 15:00:24,2024-11-08 15:00:24
509,compensation,2,,2024-11-08 15:00:24,2024-11-08 15:00:24
510,customer prospecting,2,,2024-11-08 15:00:24,2024-11-08 15:00:24
511,client data collection,1,,2024-11-08 15:00:24,2024-11-08 15:00:24
512,client follow-up,2,,2024-11-08 15:00:24,2024-11-08 15:00:24
513,market study,2,,2024-11-08 15:00:24,2024-11-08 15:00:24
514,chakra ui,7,,2024-11-08 15:00:34,2024-11-08 15:00:34
515,role-based access control (rbac),5,,2024-11-08 15:00:34,2024-11-08 15:00:34
516,paypal,8,,2024-11-08 15:00:34,2024-11-08 15:00:34
517,stripe,8,,2024-11-08 15:00:34,2024-11-08 15:00:34
518,html5,7,,2024-11-08 15:00:34,2024-11-08 15:00:34
519,css3,7,,2024-11-08 15:00:34,2024-11-08 15:00:34
520,ms project,9,,2024-11-08 15:00:35,2024-11-08 15:00:35
521,tableau,1,,2024-11-08 15:00:35,2024-11-08 15:00:35
522,snowflake,1,,2024-11-08 15:00:35,2024-11-08 15:00:35
523,customer support,2,,2024-11-08 15:00:35,2024-11-08 15:00:35
524,payment systems,8,,2024-11-08 15:00:35,2024-11-08 15:00:35
525,3ds model,4,,2024-11-08 15:00:35,2024-11-08 15:00:35
526,iso processors,2,,2024-11-08 15:00:35,2024-11-08 15:00:35
527,acquiring hosts,8,,2024-11-08 15:00:35,2024-11-08 15:00:35
528,dashboard building,1,,2024-11-08 15:00:35,2024-11-08 15:00:35
529,hsm,8,,2024-11-08 15:00:35,2024-11-08 15:00:35
530,local key injection,8,,2024-11-08 15:00:35,2024-11-08 15:00:35
531,remote key injection,8,,2024-11-08 15:00:35,2024-11-08 15:00:35
532,product t-shirt sizing,4,,2024-11-08 15:00:35,2024-11-08 15:00:35
533,canary deployment,8,,2024-11-08 15:00:35,2024-11-08 15:00:35
534,business administration,2,,2024-11-08 15:00:39,2024-11-08 15:00:39
535,commercial prospecting,2,,2024-11-08 15:00:40,2024-11-08 15:00:40
536,customer retention,2,,2024-11-08 15:00:40,2024-11-08 15:00:40
537,bloomberg & reuters,12,,2024-11-08 15:00:47,2024-11-08 15:00:47
538,excel & office,3,,2024-11-08 15:00:47,2024-11-08 15:00:47
539,algorithm development,5,,2024-11-08 15:00:47,2024-11-08 15:00:47
540,risk analysis,6,,2024-11-08 15:00:47,2024-11-08 15:00:47
541,sentiment analysis,1,,2024-11-08 15:00:47,2024-11-08 15:00:47
542,quantitative finance,6,,2024-11-08 15:00:47,2024-11-08 15:00:47
543,quantitative methods & analytics,6,,2024-11-08 15:01:00,2024-11-08 15:01:00
544,financial management accounting,6,,2024-11-08 15:01:00,2024-11-08 15:01:00
545,econometrics,6,,2024-11-08 15:01:00,2024-11-08 15:01:00
546,compliance,2,,2024-11-08 15:01:04,2024-11-08 15:01:04
547,client communications,2,,2024-11-08 15:01:04,2024-11-08 15:01:04
548,quality assurance,5,,2024-11-08 15:01:04,2024-11-08 15:01:04
549,technical issue resolution,5,,2024-11-08 15:01:04,2024-11-08 15:01:04
550,process improvement,9,,2024-11-08 15:01:04,2024-11-08 15:01:04
551,technical training,10,,2024-11-08 15:01:04,2024-11-08 15:01:04
552,mern,7,,2024-11-08 15:01:10,2024-11-08 15:01:10
553,software engineering,5,,2024-11-08 15:01:30,2024-11-08 15:01:30
554,data processing,1,,2024-11-08 15:01:30,2024-11-08 15:01:30
555,oracle database,1,,2024-11-12 10:01:10,2024-11-12 10:01:10
556,angular material,7,,2024-11-12 10:01:10,2024-11-12 10:01:10
557,java ee,7,,2024-11-12 10:01:10,2024-11-12 10:01:10
558,mantis,9,,2024-11-12 10:01:10,2024-11-12 10:01:10
559,tamazight,0,,2024-11-12 10:01:12,2024-11-12 10:01:12
560,apache spark,1,,2024-11-12 10:01:15,2024-11-12 10:01:15
561,birt,1,,2024-11-12 10:01:15,2024-11-12 10:01:15
562,api restful,5,,2024-11-12 10:01:16,2024-11-12 10:01:16
563,api designer,5,,2024-11-12 10:01:16,2024-11-12 10:01:16
564,kibana,8,,2024-11-12 10:01:16,2024-11-12 10:01:16
565,wiremock,8,,2024-11-12 10:01:16,2024-11-12 10:01:16
566,robotframework,11,,2024-11-12 10:01:16,2024-11-12 10:01:16
567,vmware,8,,2024-11-12 10:01:16,2024-11-12 10:01:16
568,virtualbox,8,,2024-11-12 10:01:16,2024-11-12 10:01:16
569,kong,8,,2024-11-12 10:01:17,2024-11-12 10:01:17
570,konga,8,,2024-11-12 10:01:17,2024-11-12 10:01:17
571,checkmarx,11,,2024-11-12 10:01:17,2024-11-12 10:01:17
572,elk stack,8,,2024-11-12 10:01:17,2024-11-12 10:01:17
573,prometheus,8,,2024-11-12 10:01:17,2024-11-12 10:01:17
574,reactjs/redux,7,,2024-11-12 10:01:17,2024-11-12 10:01:17
575,eureka netflix,8,,2024-11-12 10:01:17,2024-11-12 10:01:17
576,postgressql,1,,2024-11-12 10:01:17,2024-11-12 10:01:17
577,oracle cloud,8,,2024-11-12 10:01:21,2024-11-12 10:01:21
578,oracle linux,8,,2024-11-12 10:01:21,2024-11-12 10:01:21
579,bash,5,,2024-11-12 10:01:21,2024-11-12 10:01:21
580,oop,5,,2024-11-12 10:01:21,2024-11-12 10:01:21
581,tdd,5,,2024-11-12 10:01:21,2024-11-12 10:01:21
582,vim,8,,2024-11-12 10:01:21,2024-11-12 10:01:21
583,tmux,8,,2024-11-12 10:01:21,2024-11-12 10:01:21
584,micro-services architecture,5,,2024-11-12 10:01:21,2024-11-12 10:01:21
585,containerization,5,,2024-11-12 10:01:21,2024-11-12 10:01:21
586,virtualization,5,,2024-11-12 10:01:21,2024-11-12 10:01:21
587,android studio,8,,2024-11-12 10:01:21,2024-11-12 10:01:21
588,arduino,5,,2024-11-12 10:01:21,2024-11-12 10:01:21
589,firebase,1,,2024-11-12 10:01:21,2024-11-12 10:01:21
590,network design,5,,2024-11-12 10:01:27,2024-11-12 10:01:27
591,information systems,5,,2024-11-12 10:01:27,2024-11-12 10:01:27
592,physical sciences,5,,2024-11-12 10:01:27,2024-11-12 10:01:27
593,apache cxf,8,,2024-11-12 10:01:27,2024-11-12 10:01:27
594,jsp,7,,2024-11-12 10:01:27,2024-11-12 10:01:27
595,struts,7,,2024-11-12 10:01:27,2024-11-12 10:01:27
596,kafka stream,8,,2024-11-12 10:01:27,2024-11-12 10:01:27
597,apache poi,7,,2024-11-12 10:01:27,2024-11-12 10:01:27
598,jasper reports,1,,2024-11-12 10:01:27,2024-11-12 10:01:27
599,oauth2/openid,7,,2024-11-12 10:01:27,2024-11-12 10:01:27
600,eks,8,,2024-11-12 10:01:27,2024-11-12 10:01:27
601,ec2,8,,2024-11-12 10:01:27,2024-11-12 10:01:27
602,rxjs,8,,2024-11-12 10:01:27,2024-11-12 10:01:27
603,es6,8,,2024-11-12 10:01:27,2024-11-12 10:01:27
604,jira confluence,3,,2024-11-12 10:01:27,2024-11-12 10:01:27
605,teamsite,2,,2024-11-12 10:01:27,2024-11-12 10:01:27
606,livesite,2,,2024-11-12 10:01:27,2024-11-12 10:01:27
607,xpath,5,,2024-11-12 10:01:27,2024-11-12 10:01:27
608,xslt,5,,2024-11-12 10:01:27,2024-11-12 10:01:27
609,crm,2,,2024-11-12 10:01:27,2024-11-12 10:01:27
610,rmi,5,,2024-11-12 10:01:27,2024-11-12 10:01:27
611,ant,7,,2024-11-12 10:01:31,2024-11-12 10:01:31
612,ajax,7,,2024-11-12 10:01:31,2024-11-12 10:01:31
613,ireport,1,,2024-11-12 10:01:31,2024-11-12 10:01:31
614,jasperreports,1,,2024-11-12 10:01:31,2024-11-12 10:01:31
615,networks,5,,2024-11-12 10:01:35,2024-11-12 10:01:35
616,memory management,5,,2024-11-12 10:01:35,2024-11-12 10:01:35
617,unix/linux,8,,2024-11-12 10:01:36,2024-11-12 10:01:36
618,javafx,7,,2024-11-12 10:01:36,2024-11-12 10:01:36
619,webmethods,7,,2024-11-12 10:01:36,2024-11-12 10:01:36
620,cucumber,11,,2024-11-12 10:01:36,2024-11-12 10:01:36
621,apache tomcat,8,,2024-11-12 10:01:36,2024-11-12 10:01:36
622,integration server,8,,2024-11-12 10:01:36,2024-11-12 10:01:36
623,apache,8,,2024-11-12 10:01:36,2024-11-12 10:01:36
624,eai,5,,2024-11-12 10:01:36,2024-11-12 10:01:36
625,ws soap,7,,2024-11-12 10:01:36,2024-11-12 10:01:36
626,ws rest,7,,2024-11-12 10:01:36,2024-11-12 10:01:36
627,wsdl,7,,2024-11-12 10:01:36,2024-11-12 10:01:36
628,database,1,,2024-11-12 10:01:39,2024-11-12 10:01:39
629,mathematical sciences,5,,2024-11-12 10:01:39,2024-11-12 10:01:39
630,couchdb,1,,2024-11-12 10:01:42,2024-11-12 10:01:42
631,openjanela,8,,2024-11-12 10:01:42,2024-11-12 10:01:42
632,openbravo,8,,2024-11-12 10:01:42,2024-11-12 10:01:42
633,sqlserver,1,,2024-11-12 10:01:42,2024-11-12 10:01:42
634,microsoft analysis,1,,2024-11-12 10:01:42,2024-11-12 10:01:42
635,jasperreport,1,,2024-11-12 10:01:42,2024-11-12 10:01:42
636,miscrosoft reporting services,1,,2024-11-12 10:01:42,2024-11-12 10:01:42
637,lunix,8,,2024-11-12 10:01:42,2024-11-12 10:01:42
638,sap,7,,2024-11-12 10:01:42,2024-11-12 10:01:42
639,talend,1,,2024-11-12 10:01:42,2024-11-12 10:01:42
640,erp,2,,2024-11-12 10:01:42,2024-11-12 10:01:42
641,odoo,7,,2024-11-12 10:01:42,2024-11-12 10:01:42
642,dolibar,2,,2024-11-12 10:01:42,2024-11-12 10:01:42
643,zoho books,6,,2024-11-12 10:01:42,2024-11-12 10:01:42
644,cms,7,,2024-11-12 10:01:42,2024-11-12 10:01:42
645,wordpress,7,,2024-11-12 10:01:42,2024-11-12 10:01:42
646,restful api,5,,2024-11-12 10:01:43,2024-11-12 10:01:43
647,fraud detection,1,,2024-11-12 10:01:44,2024-11-12 10:01:44
648,big data,1,,2024-11-12 10:01:44,2024-11-12 10:01:44
649,system integration,5,,2024-11-12 10:01:44,2024-11-12 10:01:44
650,security,5,,2024-11-12 10:02:20,2024-11-12 10:02:20
651,it management,5,,2024-11-12 10:02:20,2024-11-12 10:02:20
652,data management,1,,2024-11-12 10:02:20,2024-11-12 10:02:20
653,entrepreneurship,2,,2024-11-12 10:02:20,2024-11-12 10:02:20
654,java/j2ee,5,,2024-11-12 10:02:31,2024-11-12 10:02:31
655,java/jee,5,,2024-11-12 10:02:55,2024-11-12 10:02:55
656,cost estimation and planning,9,,2024-11-14 20:01:17,2024-11-14 20:01:17
657,financial operations modeling,9,,2024-11-14 20:01:17,2024-11-14 20:01:17
658,impact analysis,9,,2024-11-14 20:01:17,2024-11-14 20:01:17
659,system configuration,5,,2024-11-14 20:01:17,2024-11-14 20:01:17
660,documentation,5,,2024-11-14 20:01:17,2024-11-14 20:01:17
661,test planning and execution,11,,2024-11-14 20:01:17,2024-11-14 20:01:17
662,user acceptance testing,11,,2024-11-14 20:01:17,2024-11-14 20:01:17
663,rest standard and swagger,5,,2024-11-14 20:07:33,2024-11-14 20:07:33
664,argocd,8,,2024-11-14 20:07:33,2024-11-14 20:07:33
665,information systems in finance,6,,2024-12-10 09:32:52,2024-12-10 09:32:52
666,front-office domain,6,,2024-12-10 09:32:52,2024-12-10 09:32:52
667,derivative products valuation,6,,2024-12-10 09:32:52,2024-12-10 09:32:52
668,p&l/hedges calculation,6,,2024-12-10 09:32:52,2024-12-10 09:32:52
669,value at risk,6,,2024-12-10 09:32:52,2024-12-10 09:32:52
670,xva,6,,2024-12-10 09:32:52,2024-12-10 09:32:52
671,functional specifications writing,5,,2024-12-10 09:32:52,2024-12-10 09:32:52
672,testing methodologies,11,,2024-12-10 09:32:52,2024-12-10 09:32:52
673,agile project management tools,9,,2024-12-10 09:32:52,2024-12-10 09:32:52
674,powerbi,1,,2024-12-10 09:32:52,2024-12-10 09:32:52
675,english proficiency,10,,2024-12-10 09:32:52,2024-12-10 09:32:52
676,visual studio,5,,2024-12-10 09:32:56,2024-12-10 09:32:56
677,event driven architecture,5,,2024-12-10 09:32:56,2024-12-10 09:32:56
678,axway,8,,2024-12-10 09:32:56,2024-12-10 09:32:56
679,nosql,1,,2024-12-10 09:32:56,2024-12-10 09:32:56
680,agile methodologies,3,,2024-12-10 09:32:56,2024-12-10 09:32:56
681,it project management,9,,2024-12-11 11:08:17,2024-12-11 11:08:17
682,credit risk,6,,2024-12-11 11:08:17,2024-12-11 11:08:17
683,financial reporting,6,,2024-12-11 11:08:17,2024-12-11 11:08:17
684,training and development,10,,2024-12-11 11:08:17,2024-12-11 11:08:17
685,front-office support,6,,2024-12-11 11:08:17,2024-12-11 11:08:17
686,back-office support,6,,2024-12-11 11:08:17,2024-12-11 11:08:17
687,consultancy,10,,2024-12-11 11:08:17,2024-12-11 11:08:17
688,regression testing,11,,2024-12-11 11:08:17,2024-12-11 11:08:17
689,telecommunications,5,,2024-12-11 11:08:29,2024-12-11 11:08:29
690,statistics,5,,2024-12-11 11:08:29,2024-12-11 11:08:29
691,ibor transition,6,,2024-12-11 11:08:49,2024-12-11 11:08:49
692,orchestrade,12,,2024-12-11 11:08:49,2024-12-11 11:08:49
693,adaptiv,6,,2024-12-11 11:08:49,2024-12-11 11:08:49
694,equities,6,,2024-12-11 11:08:49,2024-12-11 11:08:49
695,apis,5,,2024-12-11 11:20:22,2024-12-11 11:20:22
696,datamart,12,,2024-12-11 11:20:22,2024-12-11 11:20:22
697,workflow,12,,2024-12-11 11:20:22,2024-12-11 11:20:22
698,pre/post trade,12,,2024-12-11 11:20:22,2024-12-11 11:20:22
699,shell programming,5,,2024-12-11 11:20:22,2024-12-11 11:20:22
700,unix ksh,8,,2024-12-11 11:20:22,2024-12-11 11:20:22
701,financial market interest,6,,2024-12-11 11:20:22,2024-12-11 11:20:22
702,business knowledge extension,6,,2024-12-11 11:20:22,2024-12-11 11:20:22
703,rigor,10,,2024-12-11 11:20:22,2024-12-11 11:20:22
704,high value solution delivery,9,,2024-12-11 11:20:22,2024-12-11 11:20:22
705,business requirements gathering,9,,2024-12-11 11:21:46,2024-12-11 11:21:46
706,design front to risk solutions,6,,2024-12-11 11:21:46,2024-12-11 11:21:46
707,functional specification writing,9,,2024-12-11 11:21:46,2024-12-11 11:21:46
708,project planning and monitoring,9,,2024-12-11 11:21:46,2024-12-11 11:21:46
709,test coordination,9,,2024-12-11 11:21:46,2024-12-11 11:21:46
710,murex front office modules,12,,2024-12-11 11:21:46,2024-12-11 11:21:46
711,nonlinear products functional expertise,9,,2024-12-11 11:21:46,2024-12-11 11:21:46
712,pricing model and risk modelling,6,,2024-12-11 11:21:46,2024-12-11 11:21:46
713,interest in financial markets,6,,2024-12-11 11:21:46,2024-12-11 11:21:46
714,motivation,10,,2024-12-11 11:21:46,2024-12-11 11:21:46
715,murex back-office modules,12,,2024-12-11 11:21:46,2024-12-11 11:21:46
716,stp (straight-through processing),6,,2024-12-11 11:21:46,2024-12-11 11:21:46
717,functional specification design,5,,2024-12-11 11:21:46,2024-12-11 11:21:46
718,test coordination and uat,11,,2024-12-11 11:21:46,2024-12-11 11:21:46
719,internal documentation updates,3,,2024-12-11 11:21:46,2024-12-11 11:21:46
720,murex feature enhancements,12,,2024-12-11 11:21:46,2024-12-11 11:21:46
721,business knowledge development,2,,2024-12-11 11:21:46,2024-12-11 11:21:46
722,rigor and engagement,10,,2024-12-11 11:21:46,2024-12-11 11:21:46
723,r language,5,,2024-12-16 10:28:49,2024-12-16 10:28:49
724,deep learning,1,,2024-12-16 10:28:49,2024-12-16 10:28:49
725,tensorflow,1,,2024-12-16 10:28:49,2024-12-16 10:28:49
726,scikit-learn,1,,2024-12-16 10:28:49,2024-12-16 10:28:49
727,data visualization,1,,2024-12-16 10:28:49,2024-12-16 10:28:49
728,preprocessing,1,,2024-12-16 10:28:49,2024-12-16 10:28:49
729,data augmentation,1,,2024-12-16 10:28:49,2024-12-16 10:28:49
730,segmentation,2,,2024-12-16 10:28:49,2024-12-16 10:28:49
731,dashboard creation,1,,2024-12-16 10:28:49,2024-12-16 10:28:49
732,data cleaning,1,,2024-12-16 10:28:49,2024-12-16 10:28:49
733,knn,1,,2024-12-16 10:28:49,2024-12-16 10:28:49
734,missforest,1,,2024-12-16 10:28:49,2024-12-16 10:28:49
735,pca,1,,2024-12-16 10:28:49,2024-12-16 10:28:49
736,data science,1,,2024-12-16 10:28:53,2024-12-16 10:28:53
737,medical imaging,1,,2024-12-16 10:28:53,2024-12-16 10:28:53
738,biomedical,1,,2024-12-16 10:28:53,2024-12-16 10:28:53
739,selenium,11,,2024-12-16 10:28:53,2024-12-16 10:28:53
740,requests,8,,2024-12-16 10:28:53,2024-12-16 10:28:53
741,beautiful soup,1,,2024-12-16 10:28:53,2024-12-16 10:28:53
742,rasa,8,,2024-12-16 10:28:53,2024-12-16 10:28:53
743,ai platform,1,,2024-12-16 10:28:53,2024-12-16 10:28:53
744,hugging face,1,,2024-12-16 10:28:53,2024-12-16 10:28:53
745,langchain,1,,2024-12-16 10:28:53,2024-12-16 10:28:53
746,rag,1,,2024-12-16 10:28:53,2024-12-16 10:28:53
747,prompt engineering,1,,2024-12-16 10:28:53,2024-12-16 10:28:53
748,ollama,1,,2024-12-16 10:28:53,2024-12-16 10:28:53
749,spark mllib,1,,2024-12-16 10:28:53,2024-12-16 10:28:53
750,big data technology,1,,2024-12-16 10:28:53,2024-12-16 10:28:53
751,design,4,,2024-12-16 10:28:53,2024-12-16 10:28:53
752,mind games,10,,2024-12-16 10:28:53,2024-12-16 10:28:53
753,seleniumbase,11,,2024-12-16 10:28:53,2024-12-16 10:28:53
754,apexcharts,7,,2024-12-16 10:28:53,2024-12-16 10:28:53
755,solidity,7,,2024-12-16 10:28:53,2024-12-16 10:28:53
756,keras,1,,2024-12-16 10:28:53,2024-12-16 10:28:53
757,pandas,1,,2024-12-16 10:28:53,2024-12-16 10:28:53
758,lstm,1,,2024-12-16 10:28:53,2024-12-16 10:28:53
759,yolo,1,,2024-12-16 10:28:53,2024-12-16 10:28:53
760,convolutional neural networks,1,,2024-12-16 10:28:53,2024-12-16 10:28:53
761,pyunit,11,,2024-12-16 10:28:53,2024-12-16 10:28:53
762,google cloud bigquery,1,,2024-12-16 10:28:53,2024-12-16 10:28:53
763,cloud computing,5,,2024-12-16 10:29:07,2024-12-16 10:29:07
764,statistical modeling,5,,2024-12-16 10:29:10,2024-12-16 10:29:10
765,rmarkdown,5,,2024-12-16 10:29:10,2024-12-16 10:29:10
766,rshiny,1,,2024-12-16 10:29:10,2024-12-16 10:29:10
767,jupyter notebook,8,,2024-12-16 10:29:10,2024-12-16 10:29:10
768,statistical inference,1,,2024-12-16 10:29:10,2024-12-16 10:29:10
769,optimization,5,,2024-12-16 10:29:10,2024-12-16 10:29:10
770,dependence measurement,5,,2024-12-16 10:29:10,2024-12-16 10:29:10
771,image segmentation,5,,2024-12-16 10:29:10,2024-12-16 10:29:10
772,facial recognition,5,,2024-12-16 10:29:10,2024-12-16 10:29:10
773,data preprocessing,1,,2024-12-16 10:29:18,2024-12-16 10:29:18
774,user interface design,4,,2024-12-16 10:29:18,2024-12-16 10:29:18
775,backend development,7,,2024-12-16 10:29:18,2024-12-16 10:29:18
776,cnns,1,,2024-12-16 10:29:20,2024-12-16 10:29:20
777,generative ai tools,5,,2024-12-16 10:29:20,2024-12-16 10:29:20
778,gpt api,1,,2024-12-16 10:29:20,2024-12-16 10:29:20
779,numpy,1,,2024-12-16 10:29:20,2024-12-16 10:29:20
780,nlp,1,,2024-12-16 10:29:20,2024-12-16 10:29:20
781,natural language processing,5,,2024-12-16 10:29:21,2024-12-16 10:29:21
782,llms,1,,2024-12-16 10:29:21,2024-12-16 10:29:21
783,computer vision,1,,2024-12-16 10:29:21,2024-12-16 10:29:21
784,data preparation,1,,2024-12-16 10:29:21,2024-12-16 10:29:21
785,crisp-dm,1,,2024-12-16 10:29:21,2024-12-16 10:29:21
786,ai models deployment,5,,2024-12-16 10:29:21,2024-12-16 10:29:21
787,computer vison model development,5,,2024-12-16 10:29:21,2024-12-16 10:29:21
788,game development,5,,2024-12-16 10:29:21,2024-12-16 10:29:21
789,gameplay mechanics,5,,2024-12-16 10:29:21,2024-12-16 10:29:21
790,ui design,4,,2024-12-16 10:29:21,2024-12-16 10:29:21
791,oracle db,1,,2024-12-16 10:29:21,2024-12-16 10:29:21
792,e-commerce website design,4,,2024-12-16 10:29:21,2024-12-16 10:29:21
793,c/c++,5,,2024-12-16 10:29:21,2024-12-16 10:29:21
794,pytorch,1,,2024-12-16 10:29:21,2024-12-16 10:29:21
795,matplotlib,1,,2024-12-16 10:29:21,2024-12-16 10:29:21
796,hugging face transformers,1,,2024-12-16 10:29:21,2024-12-16 10:29:21
797,tesseract-ocr,8,,2024-12-16 10:29:21,2024-12-16 10:29:21
798,multi-agent systems,1,,2024-12-16 10:29:21,2024-12-16 10:29:21
799,reinforcement learning,8,,2024-12-16 10:29:21,2024-12-16 10:29:21
800,mlops,1,,2024-12-16 10:29:21,2024-12-16 10:29:21
801,kubeflow,8,,2024-12-16 10:29:21,2024-12-16 10:29:21
802,mlflow,1,,2024-12-16 10:29:21,2024-12-16 10:29:21
803,forecasting methods,1,,2024-12-16 10:29:22,2024-12-16 10:29:22
804,numerical analysis,5,,2024-12-16 10:29:22,2024-12-16 10:29:22
805,science,5,,2024-12-16 10:29:33,2024-12-16 10:29:33
806,radiology optimization,1,,2024-12-16 10:29:34,2024-12-16 10:29:34
807,image processing,1,,2024-12-16 10:29:34,2024-12-16 10:29:34
808,cnn,1,,2024-12-16 10:29:42,2024-12-16 10:29:42
809,ai deployment,5,,2024-12-16 10:29:49,2024-12-16 10:29:49
810,optuna,1,,2024-12-17 09:26:53,2024-12-17 09:26:53
811,tensorrt,1,,2024-12-17 09:26:53,2024-12-17 09:26:53
812,azure ml studio,1,,2024-12-17 09:26:53,2024-12-17 09:26:53
813,google colab,3,,2024-12-17 09:26:53,2024-12-17 09:26:53
814,raspberry pi,5,,2024-12-17 09:26:53,2024-12-17 09:26:53
815,dice loss,1,,2024-12-17 09:26:54,2024-12-17 09:26:54
816,transfer learning,1,,2024-12-17 09:26:54,2024-12-17 09:26:54
817,early stopping,1,,2024-12-17 09:26:54,2024-12-17 09:26:54
818,azure machine learning studio,1,,2024-12-17 09:27:08,2024-12-17 09:27:08
819,nltk,1,,2024-12-17 10:35:34,2024-12-17 10:35:34
820,bert,1,,2024-12-17 10:35:34,2024-12-17 10:35:34
821,gpt,1,,2024-12-17 10:35:34,2024-12-17 10:35:34
822,t5,1,,2024-12-17 10:35:34,2024-12-17 10:35:34
823,roberta,1,,2024-12-17 10:35:34,2024-12-17 10:35:34
824,llama,1,,2024-12-17 10:35:34,2024-12-17 10:35:34
825,google cloud platform,8,,2024-12-17 10:35:34,2024-12-17 10:35:34
826,active directory,8,,2024-12-17 10:35:34,2024-12-17 10:35:34
827,single sign-on,8,,2024-12-17 10:35:34,2024-12-17 10:35:34
828,ganttproject,9,,2024-12-17 10:35:34,2024-12-17 10:35:34
829,analytical mindset,5,,2024-12-17 10:35:34,2024-12-17 10:35:34
830,agility and mental freshness,8,,2024-12-17 10:35:34,2024-12-17 10:35:34
831,effective communication,10,,2024-12-17 10:35:34,2024-12-17 10:35:34
832,data engineering,1,,2024-12-17 10:36:38,2024-12-17 10:36:38
833,airflow,8,,2024-12-17 10:36:38,2024-12-17 10:36:38
834,k-means clustering,1,,2024-12-17 10:36:38,2024-12-17 10:36:38
835,openai gpt,1,,2024-12-17 10:36:38,2024-12-17 10:36:38
836,google sheets,3,,2024-12-17 10:36:38,2024-12-17 10:36:38
837,protonmail,2,,2024-12-17 10:36:38,2024-12-17 10:36:38
838,sellix,2,,2024-12-17 10:36:38,2024-12-17 10:36:38
839,gspread,1,,2024-12-17 10:36:38,2024-12-17 10:36:38
840,oauth2client,5,,2024-12-17 10:36:38,2024-12-17 10:36:38
841,dicom,1,,2024-12-17 10:36:38,2024-12-17 10:36:38
842,detecron2,1,,2024-12-17 10:36:38,2024-12-17 10:36:38
843,azure databricks,1,,2024-12-17 10:36:38,2024-12-17 10:36:38
844,azure kubernetes,8,,2024-12-17 10:36:38,2024-12-17 10:36:38
845,azure synapse,1,,2024-12-17 10:36:38,2024-12-17 10:36:38
846,databricks,1,,2024-12-17 10:37:20,2024-12-17 10:37:20
847,dialogflow,5,,2024-12-18 09:52:31,2024-12-18 09:52:31
848,streamlit,7,,2024-12-18 09:52:31,2024-12-18 09:52:31
849,voiceflow,4,,2024-12-18 09:52:31,2024-12-18 09:52:31
850,replyio,2,,2024-12-18 09:52:31,2024-12-18 09:52:31
851,etl,1,,2024-12-18 09:52:31,2024-12-18 09:52:31
852,doccano,5,,2024-12-18 09:52:31,2024-12-18 09:52:31
853,neural machine translation,1,,2024-12-18 09:52:31,2024-12-18 09:52:31
854,topic modeling,1,,2024-12-18 09:52:31,2024-12-18 09:52:31
855,lda/lsa,1,,2024-12-18 09:52:31,2024-12-18 09:52:31
856,exploratory data analysis,1,,2024-12-18 09:52:31,2024-12-18 09:52:31
857,data scientist,1,,2024-12-18 09:53:10,2024-12-18 09:53:10
858,data reconciliation,1,,2024-12-19 16:28:32,2024-12-19 16:28:32
859,actimize,12,,2024-12-19 16:28:32,2024-12-19 16:28:32
860,mx.3,12,,2024-12-19 16:28:32,2024-12-19 16:28:32
861,uat,11,,2024-12-19 16:28:32,2024-12-19 16:28:32
862,financial products,6,,2024-12-19 16:28:32,2024-12-19 16:28:32
863,product owner,5,,2024-12-19 16:28:56,2024-12-19 16:28:56
864,market finance,6,,2024-12-19 16:28:56,2024-12-19 16:28:56
865,systems and networks,5,,2024-12-19 16:28:56,2024-12-19 16:28:56
866,testing strategy,11,,2024-12-19 16:29:47,2024-12-19 16:29:47
867,accounting configuration,2,,2024-12-19 16:29:47,2024-12-19 16:29:47
868,nsfr ratio,6,,2024-12-19 16:29:47,2024-12-19 16:29:47
869,client requirement analysis,5,,2024-12-19 16:29:47,2024-12-19 16:29:47
870,prudential solvency ratios,6,,2024-12-19 16:29:47,2024-12-19 16:29:47
871,process monitoring,5,,2024-12-19 16:29:47,2024-12-19 16:29:47
872,business support,5,,2024-12-19 16:29:47,2024-12-19 16:29:47
873,market operations,2,,2024-12-19 16:29:47,2024-12-19 16:29:47
874,sap accounting,6,,2024-12-19 16:29:47,2024-12-19 16:29:47
875,reconciliation,6,,2024-12-19 16:29:47,2024-12-19 16:29:47
876,p&l management,6,,2024-12-19 16:29:47,2024-12-19 16:29:47
877,user stories,5,,2024-12-19 16:29:47,2024-12-19 16:29:47
878,user training,5,,2024-12-19 16:29:47,2024-12-19 16:29:47
879,anti-money laundering,6,,2024-12-19 16:29:47,2024-12-19 16:29:47
880,data quality evaluation,1,,2024-12-19 16:29:47,2024-12-19 16:29:47
881,it coordination,2,,2024-12-19 16:29:47,2024-12-19 16:29:47
882,financial derivatives,8,,2024-12-19 16:29:47,2024-12-19 16:29:47
883,p&l reports,6,,2024-12-19 16:29:47,2024-12-19 16:29:47
884,business knowledge,5,,2024-12-21 21:18:48,2024-12-21 21:18:48
885,front to back solutions design,5,,2024-12-21 21:18:57,2024-12-21 21:18:57
886,project planning and coordination,9,,2024-12-21 21:18:57,2024-12-21 21:18:57
887,high added value delivery,2,,2024-12-21 21:19:03,2024-12-21 21:19:03
888,shell,5,,2024-12-21 21:29:39,2024-12-21 21:29:39
889,motivation for business knowledge,10,,2024-12-21 21:29:47,2024-12-21 21:29:47
890,engagement,10,,2024-12-21 21:29:47,2024-12-21 21:29:47
891,trade booking/reporting,6,,2024-12-21 21:29:58,2024-12-21 21:29:58
892,portfolio real time management,6,,2024-12-21 21:29:58,2024-12-21 21:29:58
893,financial & risk metrics calculations,6,,2024-12-21 21:29:58,2024-12-21 21:29:58
894,pl explain,9,,2024-12-21 21:29:58,2024-12-21 21:29:58
895,stp,6,,2024-12-21 21:29:58,2024-12-21 21:29:58
896,ops & finance,6,,2024-12-21 21:29:58,2024-12-21 21:29:58
897,motivation to gain experience,10,,2024-12-21 21:29:58,2024-12-21 21:29:58
898,front to risk design,6,,2024-12-21 21:40:57,2024-12-21 21:40:57
899,project monitoring,5,,2024-12-21 21:40:57,2024-12-21 21:40:57
900,user acceptance testing coordination,11,,2024-12-21 21:41:12,2024-12-21 21:41:12
901,pricing model functional expertise,6,,2024-12-21 21:41:12,2024-12-21 21:41:12
902,trading domain knowledge,2,,2024-12-21 21:41:12,2024-12-21 21:41:12
903,risk reporting,6,,2024-12-21 21:41:12,2024-12-21 21:41:12
904,trading,2,,2024-12-21 21:41:27,2024-12-21 21:41:27
905,pricing modelling,2,,2024-12-21 21:41:27,2024-12-21 21:41:27
906,hadoop platform,1,,2024-12-21 21:49:44,2024-12-21 21:49:44
907,programming spark,5,,2024-12-21 21:49:44,2024-12-21 21:49:44
908,unit testing,11,,2024-12-21 21:49:45,2024-12-21 21:49:45
909,integration testing,11,,2024-12-21 21:49:45,2024-12-21 21:49:45
910,grid computing,8,,2024-12-21 21:49:45,2024-12-21 21:49:45
911,caching,5,,2024-12-21 21:49:45,2024-12-21 21:49:45
912,technical debt management,2,,2024-12-21 21:49:45,2024-12-21 21:49:45
913,continuous integration/continuous deployment (ci/c,8,,2024-12-21 21:49:45,2024-12-21 21:49:45
914,functional support,5,,2024-12-21 21:49:45,2024-12-21 21:49:45
915,distributed cache,5,,2024-12-21 21:49:45,2024-12-21 21:49:45
916,english language,5,,2024-12-21 21:50:19,2024-12-21 21:50:19
917,pricing,2,,2024-12-21 21:50:19,2024-12-21 21:50:19
918,object oriented programming,5,,2024-12-21 21:50:19,2024-12-21 21:50:19
919,collaboration,10,,2024-12-21 21:50:20,2024-12-21 21:50:20
920,derivative valuation,6,,2024-12-21 22:09:01,2024-12-21 22:09:01
921,functional testing,11,,2024-12-21 22:09:01,2024-12-21 22:09:01
922,quantitative analysis,5,,2024-12-21 22:09:01,2024-12-21 22:09:01
923,agile tools,9,,2024-12-21 22:09:11,2024-12-21 22:09:11
924,communication skills,10,,2024-12-21 22:09:12,2024-12-21 22:09:12
925,diplomacy,10,,2024-12-21 22:09:12,2024-12-21 22:09:12
926,attention to detail,10,,2024-12-21 22:09:12,2024-12-21 22:09:12
927,oral and written expression,10,,2024-12-21 22:09:12,2024-12-21 22:09:12
928,front-office derivatives,2,,2024-12-21 22:09:19,2024-12-21 22:09:19
929,production support,2,,2024-12-21 22:09:19,2024-12-21 22:09:19
930,3d modeling,5,,2024-12-21 22:15:48,2024-12-21 22:15:48
931,user-centered design,4,,2024-12-21 22:15:48,2024-12-21 22:15:48
932,coding,5,,2024-12-21 22:15:48,2024-12-21 22:15:48
933,innovation,10,,2024-12-21 22:15:57,2024-12-21 22:15:57
934,advanced algorithm design,5,,2024-12-21 22:16:02,2024-12-21 22:16:02
935,multidisciplinary teamwork,10,,2024-12-21 22:16:02,2024-12-21 22:16:02
936,regulatory understanding,6,,2024-12-21 22:16:02,2024-12-21 22:16:02
937,commodities,6,,2024-12-22 14:28:23,2024-12-22 14:28:23
938,business workflows,2,,2024-12-22 14:28:24,2024-12-22 14:28:24
939,system implementation,5,,2024-12-22 14:28:24,2024-12-22 14:28:24
940,process transformation,2,,2024-12-22 14:28:24,2024-12-22 14:28:24
941,english communication,10,,2024-12-22 14:28:27,2024-12-22 14:28:27
942,foreign exchange (fx) products,6,,2024-12-22 14:29:33,2024-12-22 14:29:33
943,business processes optimization,2,,2024-12-22 14:29:33,2024-12-22 14:29:33
944,front office,6,,2024-12-22 15:36:46,2024-12-22 15:36:46
945,interest rate derivatives,6,,2024-12-22 15:36:47,2024-12-22 15:36:47
946,fixed income market,6,,2024-12-22 15:36:47,2024-12-22 15:36:47
947,simulation,12,,2024-12-22 15:36:47,2024-12-22 15:36:47
948,support,10,,2024-12-22 15:36:47,2024-12-22 15:36:47
949,vba,5,,2024-12-22 15:36:47,2024-12-22 15:36:47
950,vn6,8,,2024-12-22 15:36:47,2024-12-22 15:36:47
951,vb6,8,,2024-12-22 15:36:59,2024-12-22 15:36:59
952,financial analysis,6,,2024-12-22 15:36:59,2024-12-22 15:36:59
953,banking,6,,2024-12-22 15:37:09,2024-12-22 15:37:09
954,front to back,6,,2024-12-22 15:37:09,2024-12-22 15:37:09
955,system analysis,5,,2024-12-22 15:37:21,2024-12-22 15:37:21
956,delphi,5,,2024-12-22 15:37:21,2024-12-22 15:37:21
957,visual basic,5,,2024-12-22 15:37:21,2024-12-22 15:37:21
958,cobol,5,,2024-12-22 15:37:21,2024-12-22 15:37:21
959,pmbok,9,,2024-12-22 15:37:21,2024-12-22 15:37:21
960,microsoft project,3,,2024-12-22 15:37:21,2024-12-22 15:37:21
961,it service management,5,,2024-12-22 15:37:31,2024-12-22 15:37:31
962,investment,6,,2024-12-22 15:37:42,2024-12-22 15:37:42
963,t-sql,1,,2024-12-22 15:40:59,2024-12-22 15:40:59
964,support & training,10,,2024-12-22 15:41:00,2024-12-22 15:41:00
965,mxtest,12,,2024-12-22 15:41:00,2024-12-22 15:41:00
966,quality center,11,,2024-12-22 15:41:00,2024-12-22 15:41:00
967,accounting and financial reporting,6,,2024-12-22 15:41:00,2024-12-22 15:41:00
968,credit default swaps,6,,2024-12-22 15:41:00,2024-12-22 15:41:00
969,orqa,11,,2024-12-22 15:41:00,2024-12-22 15:41:00
970,lotusscript,5,,2024-12-22 15:41:00,2024-12-22 15:41:00
971,investment banking,6,,2024-12-22 15:49:41,2024-12-22 15:49:41
972,solaris,8,,2024-12-22 15:49:42,2024-12-22 15:49:42
973,system administrator,8,,2024-12-22 15:49:42,2024-12-22 15:49:42
974,performance management,5,,2024-12-22 15:49:42,2024-12-22 15:49:42
975,technical leader,5,,2024-12-22 15:49:42,2024-12-22 15:49:42
976,architecture design,5,,2024-12-22 15:49:42,2024-12-22 15:49:42
977,reporting,12,,2024-12-22 15:49:42,2024-12-22 15:49:42
978,ksh scripting,5,,2024-12-22 15:49:43,2024-12-22 15:49:43
979,shell scripting,5,,2024-12-22 15:49:43,2024-12-22 15:49:43
980,fermat,5,,2024-12-22 15:49:43,2024-12-22 15:49:43
981,kondor+,12,,2024-12-22 15:49:43,2024-12-22 15:49:43
982,technical design,5,,2024-12-22 15:49:43,2024-12-22 15:49:43
983,system development modelling,5,,2024-12-22 15:49:43,2024-12-22 15:49:43
984,sun solaris,8,,2024-12-22 15:49:49,2024-12-22 15:49:49
985,software,5,,2024-12-22 15:49:49,2024-12-22 15:49:49
986,operating systems,8,,2024-12-22 15:49:49,2024-12-22 15:49:49
987,ms office,3,,2024-12-22 15:51:38,2024-12-22 15:51:38
988,loan iq,12,,2024-12-22 15:51:38,2024-12-22 15:51:38
989,data quality improvement,1,,2024-12-22 15:51:38,2024-12-22 15:51:38
990,credit risk monitoring,6,,2024-12-22 15:51:39,2024-12-22 15:51:39
991,reconciliation systems,1,,2024-12-22 15:51:39,2024-12-22 15:51:39
992,operations management,2,,2024-12-22 15:51:39,2024-12-22 15:51:39
993,settlement officer responsibilities,2,,2024-12-22 15:51:39,2024-12-22 15:51:39
994,financing analyst responsibilities,6,,2024-12-22 15:51:39,2024-12-22 15:51:39
995,financial economics,2,,2024-12-22 15:51:44,2024-12-22 15:51:44
996,billing,2,,2024-12-22 15:52:07,2024-12-22 15:52:07
997,payments,2,,2024-12-22 15:52:07,2024-12-22 15:52:07
998,forex trading,12,,2024-12-22 15:52:08,2024-12-22 15:52:08
999,back office,2,,2024-12-22 15:52:20,2024-12-22 15:52:20
1000,market risk reports,6,,2024-12-22 15:52:20,2024-12-22 15:52:20
1001,credit,6,,2024-12-22 15:52:20,2024-12-22 15:52:20
1002,p&l analysis,6,,2024-12-22 15:52:20,2024-12-22 15:52:20
1003,corporate actions,6,,2024-12-22 15:52:20,2024-12-22 15:52:20
1004,ifrs9,6,,2024-12-22 15:52:20,2024-12-22 15:52:20
1005,vietnamese,0,,2024-12-22 15:52:22,2024-12-22 15:52:22
1006,test,11,,2024-12-22 15:52:53,2024-12-22 15:52:53
1007,agile scrum,9,,2024-12-22 15:54:27,2024-12-22 15:54:27
1008,perforce,8,,2024-12-22 15:54:27,2024-12-22 15:54:27
1009,oracle pl/sql,1,,2024-12-22 15:54:39,2024-12-22 15:54:39
1010,test scenario design,11,,2024-12-22 15:55:14,2024-12-22 15:55:14
1011,mxml,4,,2024-12-22 15:55:14,2024-12-22 15:55:14
1012,performance module validation,11,,2024-12-22 15:55:31,2024-12-22 15:55:31
1013,safe agile,9,,2024-12-22 15:55:31,2024-12-22 15:55:31
1014,initial margin backtesting,11,,2024-12-22 15:55:31,2024-12-22 15:55:31
1015,apex,5,,2024-12-22 15:55:31,2024-12-22 15:55:31
1016,communication facilitation,10,,2024-12-22 15:55:31,2024-12-22 15:55:31
1017,enterprise risk management,6,,2024-12-22 15:55:31,2024-12-22 15:55:31
1018,front office interest rates,6,,2024-12-22 15:55:31,2024-12-22 15:55:31
1019,excel pricer development,6,,2024-12-22 15:55:32,2024-12-22 15:55:32
1020,basel iii frtb analysis,6,,2024-12-22 15:55:32,2024-12-22 15:55:32
1021,yoga teaching,10,,2024-12-22 15:55:32,2024-12-22 15:55:32
1022,ecology animation,4,,2024-12-22 15:55:32,2024-12-22 15:55:32
1023,business strategy,2,,2024-12-22 15:55:44,2024-12-22 15:55:44
1024,marketing,2,,2024-12-22 15:55:44,2024-12-22 15:55:44
1025,scientific analysis,2,,2024-12-22 15:55:44,2024-12-22 15:55:44
1026,performance testing,11,,2024-12-22 15:56:15,2024-12-22 15:56:15
1027,interest rates,6,,2024-12-22 15:56:15,2024-12-22 15:56:15
1028,test cases management,11,,2024-12-22 15:56:55,2024-12-22 15:56:55
1029,trade booking,6,,2024-12-22 15:56:55,2024-12-22 15:56:55
1030,bug fixing,5,,2024-12-22 15:56:55,2024-12-22 15:56:55
1031,mlc,1,,2024-12-22 15:56:56,2024-12-22 15:56:56
1032,documentation writing,5,,2024-12-22 15:56:56,2024-12-22 15:56:56
1033,information processing,1,,2024-12-22 15:57:04,2024-12-22 15:57:04
1034,economic intelligence,1,,2024-12-22 15:57:04,2024-12-22 15:57:04
1035,ms-dos,5,,2024-12-22 15:57:17,2024-12-22 15:57:17
1036,windows nt/2000/2003/xp/vista,8,,2024-12-22 15:57:18,2024-12-22 15:57:18
1037,rational rose,5,,2024-12-22 15:57:18,2024-12-22 15:57:18
1038,risk implementation,6,,2024-12-22 15:57:19,2024-12-22 15:57:19
1039,spid,5,,2024-12-22 15:57:41,2024-12-22 15:57:41
1040,design authority,4,,2024-12-22 15:57:50,2024-12-22 15:57:50
1041,pre-sales,2,,2024-12-22 15:57:50,2024-12-22 15:57:50
1042,configuration,8,,2024-12-22 15:57:50,2024-12-22 15:57:50
1043,business engineering,5,,2024-12-22 15:57:58,2024-12-22 15:57:58
1044,scientific studies,5,,2024-12-22 15:57:58,2024-12-22 15:57:58
1045,financial risk management,6,,2024-12-22 15:58:06,2024-12-22 15:58:06
1046,model validation,5,,2024-12-22 15:58:06,2024-12-22 15:58:06
1047,project coordination,9,,2024-12-22 15:58:21,2024-12-22 15:58:21
1048,capital markets,6,,2024-12-22 15:58:21,2024-12-22 15:58:21
1049,operational risk,6,,2024-12-22 15:58:21,2024-12-22 15:58:21
1050,wiki,9,,2024-12-22 15:58:21,2024-12-22 15:58:21
1051,financial control,6,,2024-12-22 15:58:21,2024-12-22 15:58:21
1052,treasury,6,,2024-12-22 15:58:21,2024-12-22 15:58:21
1053,human resources,2,,2024-12-22 15:58:21,2024-12-22 15:58:21
1054,internal organization,2,,2024-12-22 15:58:21,2024-12-22 15:58:21
1055,offshore team,2,,2024-12-22 15:58:21,2024-12-22 15:58:21
1056,company acquisition,2,,2024-12-22 15:58:21,2024-12-22 15:58:21
1057,capital raising,2,,2024-12-22 15:58:21,2024-12-22 15:58:21
1058,investor relationship,2,,2024-12-22 15:58:22,2024-12-22 15:58:22
1059,governance,2,,2024-12-22 15:58:22,2024-12-22 15:58:22
1060,audit,6,,2024-12-22 15:58:22,2024-12-22 15:58:22
1061,lean six sigma,9,,2024-12-22 15:58:22,2024-12-22 15:58:22
1062,pmp,9,,2024-12-22 15:58:22,2024-12-22 15:58:22
1063,aws architect,8,,2024-12-22 15:58:46,2024-12-22 15:58:46
1064,data mining,1,,2024-12-22 15:58:46,2024-12-22 15:58:46
1065,credit risk analysis,6,,2024-12-22 15:58:57,2024-12-22 15:58:57
1066,monte carlo simulations,1,,2024-12-22 15:58:57,2024-12-22 15:58:57
1067,finite difference methods,5,,2024-12-22 15:58:57,2024-12-22 15:58:57
1068,black-scholes model,6,,2024-12-22 15:58:57,2024-12-22 15:58:57
1069,vasicek model,6,,2024-12-22 15:58:57,2024-12-22 15:58:57
1070,sql oracle,1,,2024-12-22 15:58:57,2024-12-22 15:58:57
1071,repo,6,,2024-12-22 15:58:57,2024-12-22 15:58:57
1072,swaptions,6,,2024-12-22 15:58:57,2024-12-22 15:58:57
1073,embedment program,2,,2024-12-22 15:58:57,2024-12-22 15:58:57
1074,vba for finance,6,,2024-12-22 15:58:57,2024-12-22 15:58:57
1075,stochastic calculus,6,,2024-12-22 15:59:09,2024-12-22 15:59:09
1076,monte carlo methods,1,,2024-12-22 15:59:09,2024-12-22 15:59:09
1077,numerical methods,5,,2024-12-22 15:59:09,2024-12-22 15:59:09
1078,derivatives pricing,6,,2024-12-22 15:59:09,2024-12-22 15:59:09
1079,advance c++,5,,2024-12-22 15:59:09,2024-12-22 15:59:09
1080,options pricing,6,,2024-12-22 15:59:09,2024-12-22 15:59:09
1081,stochastic volatility model,6,,2024-12-22 15:59:09,2024-12-22 15:59:09
1082,black & scholes model,6,,2024-12-22 15:59:09,2024-12-22 15:59:09
1083,advanced probability,1,,2024-12-22 15:59:09,2024-12-22 15:59:09
1084,applied statistics,5,,2024-12-22 15:59:09,2024-12-22 15:59:09
1085,partial differential equations,5,,2024-12-22 15:59:09,2024-12-22 15:59:09
1086,pfe,2,,2024-12-22 15:59:41,2024-12-22 15:59:41
1087,cva,8,,2024-12-22 15:59:41,2024-12-22 15:59:41
1088,saccr,6,,2024-12-22 15:59:41,2024-12-22 15:59:41
1089,issuer risk,6,,2024-12-22 15:59:41,2024-12-22 15:59:41
1090,migration,5,,2024-12-22 15:59:41,2024-12-22 15:59:41
1091,pthread,5,,2024-12-22 15:59:41,2024-12-22 15:59:41
1092,financial services,6,,2024-12-22 16:00:30,2024-12-22 16:00:30
1093,agile development,9,,2024-12-22 16:00:30,2024-12-22 16:00:30
1094,fixed income,2,,2024-12-22 16:00:30,2024-12-22 16:00:30
1095,visio,4,,2024-12-22 16:00:31,2024-12-22 16:00:31
1096,treasury activities,6,,2024-12-22 16:00:31,2024-12-22 16:00:31
1097,green belt 6 sigma,9,,2024-12-22 16:00:31,2024-12-22 16:00:31
1098,excel/vba,5,,2024-12-22 16:01:08,2024-12-22 16:01:08
1099,eonia to ester migration,6,,2024-12-22 16:01:08,2024-12-22 16:01:08
1100,cross asset activities,6,,2024-12-22 16:01:08,2024-12-22 16:01:08
1101,structured credit,6,,2024-12-22 16:01:08,2024-12-22 16:01:08
1102,trade operations,6,,2024-12-22 16:01:08,2024-12-22 16:01:08
1103,6 sigma dmaic,9,,2024-12-22 16:01:08,2024-12-22 16:01:08
1104,squirel,5,,2024-12-22 16:01:27,2024-12-22 16:01:27
1105,dbeaver,5,,2024-12-22 16:01:28,2024-12-22 16:01:28
1106,gamera,-1,,2024-12-22 16:01:28,2024-12-22 16:01:28
1107,cvs,-1,,2024-12-22 16:01:28,2024-12-22 16:01:28
1108,silk,5,,2024-12-22 16:01:28,2024-12-22 16:01:28
1109,data warehouse,1,,2024-12-22 16:01:28,2024-12-22 16:01:28
1110,intellimatch,6,,2024-12-22 16:01:28,2024-12-22 16:01:28
1111,openlink,6,,2024-12-22 16:01:28,2024-12-22 16:01:28
1112,java servlets,7,,2024-12-22 16:01:28,2024-12-22 16:01:28
1113,actuate,1,,2024-12-22 16:01:28,2024-12-22 16:01:28
1114,as400,8,,2024-12-22 16:01:28,2024-12-22 16:01:28
1115,lotus notes/domino,2,,2024-12-22 16:01:28,2024-12-22 16:01:28
1116,aws management console,8,,2024-12-22 16:02:57,2024-12-22 16:02:57
1117,agile safe,9,,2024-12-22 16:02:57,2024-12-22 16:02:57
1118,stochastic processes,1,,2024-12-22 16:02:57,2024-12-22 16:02:57
1119,options theory,6,,2024-12-22 16:02:57,2024-12-22 16:02:57
1120,financial theory,6,,2024-12-22 16:02:57,2024-12-22 16:02:57
1121,probability and statistics,6,,2024-12-22 16:02:57,2024-12-22 16:02:57
1122,banking regulation,6,,2024-12-22 16:02:57,2024-12-22 16:02:57
1123,microsoft office suite,3,,2024-12-22 16:02:57,2024-12-22 16:02:57
1124,linear algebra,5,,2024-12-22 16:02:57,2024-12-22 16:02:57
1125,function analysis,5,,2024-12-22 16:02:57,2024-12-22 16:02:57
1126,mechanics of particles,5,,2024-12-22 16:02:57,2024-12-22 16:02:57
1127,microeconomics,6,,2024-12-22 16:02:57,2024-12-22 16:02:57
1128,international trade,6,,2024-12-22 16:02:58,2024-12-22 16:02:58
1129,data quality control,1,,2024-12-22 16:02:58,2024-12-22 16:02:58
1130,specification documents,5,,2024-12-22 16:02:58,2024-12-22 16:02:58
1131,workshop management,2,,2024-12-22 16:02:58,2024-12-22 16:02:58
1132,data recipe creation,1,,2024-12-22 16:02:58,2024-12-22 16:02:58
1133,guideline development,5,,2024-12-22 16:02:58,2024-12-22 16:02:58
1134,procedure writing,5,,2024-12-22 16:02:58,2024-12-22 16:02:58
1135,olis tool,5,,2024-12-22 16:02:58,2024-12-22 16:02:58
1136,automatisation,5,,2024-12-22 16:02:58,2024-12-22 16:02:58
1137,murex 3.1 fo module,12,,2024-12-22 16:03:49,2024-12-22 16:03:49
1138,analysis support,1,,2024-12-22 16:03:49,2024-12-22 16:03:49
1139,development rules msl/pretrade,12,,2024-12-22 16:03:49,2024-12-22 16:03:49
1140,lookup tables,1,,2024-12-22 16:03:49,2024-12-22 16:03:49
1141,exception management,9,,2024-12-22 16:03:49,2024-12-22 16:03:49
1142,matching confirmations,6,,2024-12-22 16:03:49,2024-12-22 16:03:49
1143,4eyes process,2,,2024-12-22 16:03:49,2024-12-22 16:03:49
1144,validation business process,9,,2024-12-22 16:03:49,2024-12-22 16:03:49
1145,"workflows (contract, deliverable, exchange)",9,,2024-12-22 16:03:49,2024-12-22 16:03:49
1146,"statics (counterpart, ssi, securities)",6,,2024-12-22 16:03:49,2024-12-22 16:03:49
1147,"formulas (xmlf, xmlfbm, xsl, xslt, xsltree)",5,,2024-12-22 16:03:49,2024-12-22 16:03:49
1148,"templates (word, swift mt54x, mt32x)",6,,2024-12-22 16:03:49,2024-12-22 16:03:49
1149,comptabilit? (accounting configuration),6,,2024-12-22 16:03:49,2024-12-22 16:03:49
1150,datamarts extractions,12,,2024-12-22 16:03:49,2024-12-22 16:03:49
1151,architecture server optimization,5,,2024-12-22 16:03:50,2024-12-22 16:03:50
1152,installation environment murex,12,,2024-12-22 16:03:50,2024-12-22 16:03:50
1153,production incident resolution,8,,2024-12-22 16:03:50,2024-12-22 16:03:50
1154,full stack development,5,,2024-12-22 16:03:50,2024-12-22 16:03:50
1155,api development,5,,2024-12-22 16:03:50,2024-12-22 16:03:50
1156,ci/cd using jenkins,8,,2024-12-22 16:03:50,2024-12-22 16:03:50
1157,integration,5,,2024-12-22 16:05:21,2024-12-22 16:05:21
1158,ant scripts,5,,2024-12-22 16:05:21,2024-12-22 16:05:21
1159,cloud services,8,,2024-12-22 16:05:21,2024-12-22 16:05:21
1160,testing and debugging,11,,2024-12-22 16:05:21,2024-12-22 16:05:21
1161,bloomberg,6,,2024-12-22 16:05:21,2024-12-22 16:05:21
1162,distributed systems,5,,2024-12-22 16:05:30,2024-12-22 16:05:30
1163,vertx,7,,2024-12-22 16:06:04,2024-12-22 16:06:04
1164,reactive programming,5,,2024-12-22 16:06:04,2024-12-22 16:06:04
1165,jms,5,,2024-12-22 16:06:04,2024-12-22 16:06:04
1166,imagemagic,5,,2024-12-22 16:06:04,2024-12-22 16:06:04
1167,hudson,8,,2024-12-22 16:06:04,2024-12-22 16:06:04
1168,event driven programming,5,,2024-12-22 16:06:04,2024-12-22 16:06:04
1169,groovy,5,,2024-12-22 16:07:17,2024-12-22 16:07:17
1170,datalake,1,,2024-12-22 16:07:17,2024-12-22 16:07:17
1171,activeviam,1,,2024-12-22 16:07:17,2024-12-22 16:07:17
1172,coherence,8,,2024-12-22 16:07:17,2024-12-22 16:07:17
1173,akka,5,,2024-12-22 16:07:17,2024-12-22 16:07:17
1174,zkoss,7,,2024-12-22 16:07:17,2024-12-22 16:07:17
1175,ejb,7,,2024-12-22 16:07:17,2024-12-22 16:07:17
1176,jca,7,,2024-12-22 16:07:17,2024-12-22 16:07:17
1177,swing,7,,2024-12-22 16:07:17,2024-12-22 16:07:17
1178,placeholders maven,5,,2024-12-22 16:07:17,2024-12-22 16:07:17
1179,putty,5,,2024-12-22 16:07:17,2024-12-22 16:07:17
1180,log4j,5,,2024-12-22 16:07:17,2024-12-22 16:07:17
1181,jaxb,7,,2024-12-22 16:07:17,2024-12-22 16:07:17
1182,jersey,7,,2024-12-22 16:07:17,2024-12-22 16:07:17
1183,squash,8,,2024-12-22 16:08:03,2024-12-22 16:08:03
1184,bo,1,,2024-12-22 16:08:03,2024-12-22 16:08:03
1185,salesforce,7,,2024-12-22 16:08:03,2024-12-22 16:08:03
1186,supply chain management,2,,2024-12-22 16:08:12,2024-12-22 16:08:12
1187,microsoft office package,3,,2024-12-22 17:34:25,2024-12-22 17:34:25
1188,r&d,2,,2024-12-22 17:34:25,2024-12-22 17:34:25
1189,ml/dl,5,,2024-12-22 17:34:25,2024-12-22 17:34:25
1190,scientific research,5,,2024-12-22 17:34:25,2024-12-22 17:34:25
1191,scientific writing,5,,2024-12-22 17:34:25,2024-12-22 17:34:25
1192,technical reports,5,,2024-12-22 17:34:25,2024-12-22 17:34:25
1193,technology monitoring,5,,2024-12-22 17:34:25,2024-12-22 17:34:25
1194,latex,5,,2024-12-22 17:34:25,2024-12-22 17:34:25
1195,matlab/labview,5,,2024-12-22 17:34:25,2024-12-22 17:34:25
1196,multisim,5,,2024-12-22 17:34:25,2024-12-22 17:34:25
1197,system design,5,,2024-12-22 17:34:26,2024-12-22 17:34:26
1198,advanced mathematics,5,,2024-12-22 17:34:35,2024-12-22 17:34:35
1199,statistical analysis,5,,2024-12-22 17:34:35,2024-12-22 17:34:35
1200,predictive modeling,5,,2024-12-22 17:34:36,2024-12-22 17:34:36
1201,cognos,1,,2024-12-22 17:34:36,2024-12-22 17:34:36
1202,cleverbi,1,,2024-12-22 17:34:36,2024-12-22 17:34:36
1203,zoho analytics,1,,2024-12-22 17:34:36,2024-12-22 17:34:36
1204,segment,1,,2024-12-22 17:34:36,2024-12-22 17:34:36
1205,google analytics,1,,2024-12-22 17:34:36,2024-12-22 17:34:36
1206,looker,1,,2024-12-22 17:34:36,2024-12-22 17:34:36
1207,bigquery,1,,2024-12-22 17:34:36,2024-12-22 17:34:36
1208,adobe photoshop,4,,2024-12-22 17:34:36,2024-12-22 17:34:36
1209,camtasia studio,4,,2024-12-22 17:34:36,2024-12-22 17:34:36
1210,adobe premiere,4,,2024-12-22 17:34:36,2024-12-22 17:34:36
1211,client needs analysis,5,,2024-12-22 17:34:46,2024-12-22 17:34:46
1212,software maintenance,5,,2024-12-22 17:34:46,2024-12-22 17:34:46
1213,gcp,8,,2024-12-22 17:35:01,2024-12-22 17:35:01
1214,hyperparameter tuning,1,,2024-12-22 17:35:01,2024-12-22 17:35:01
1215,Professional Scrum Master,-1,,2024-12-26 15:02:47,2024-12-26 15:02:47
1216,Regulatory Audit,-1,,2024-12-26 15:03:01,2024-12-26 15:03:01
1217,Physics and Chemistry,-1,,2024-12-26 15:03:09,2024-12-26 15:03:09
1218,Chemistry,-1,,2024-12-26 15:03:10,2024-12-26 15:03:10
1219,Risk Based P&L,-1,,2024-12-26 15:08:05,2024-12-26 15:08:05
1220,Volatility,-1,,2024-12-26 15:08:05,2024-12-26 15:08:05
1221,Expected Shortfall,-1,,2024-12-26 15:08:05,2024-12-26 15:08:05
1222,Trade Lifecycle,-1,,2024-12-26 15:08:05,2024-12-26 15:08:05
1223,Validation Workflow,-1,,2024-12-26 15:08:05,2024-12-26 15:08:05
1224,Actuarial Science,-1,,2024-12-26 15:08:06,2024-12-26 15:08:06
1225,Linear Regression,-1,,2024-12-26 15:11:13,2024-12-26 15:11:13
1226,Decision Trees,-1,,2024-12-26 15:11:13,2024-12-26 15:11:13
1227,SVM,-1,,2024-12-26 15:11:13,2024-12-26 15:11:13
1228,Kmeans,-1,,2024-12-26 15:11:13,2024-12-26 15:11:13
1229,CHA,-1,,2024-12-26 15:11:13,2024-12-26 15:11:13
1230,DBSCAN,-1,,2024-12-26 15:11:13,2024-12-26 15:11:13
1231,Content-based Filtering,-1,,2024-12-26 15:11:13,2024-12-26 15:11:13
1232,Collaborative Filtering,-1,,2024-12-26 15:11:13,2024-12-26 15:11:13
1233,ACP,-1,,2024-12-26 15:11:13,2024-12-26 15:11:13
1234,AFC,-1,,2024-12-26 15:11:13,2024-12-26 15:11:13
1235,ANN,-1,,2024-12-26 15:11:13,2024-12-26 15:11:13
1236,RNN,-1,,2024-12-26 15:11:13,2024-12-26 15:11:13
1237,GRU,-1,,2024-12-26 15:11:13,2024-12-26 15:11:13
1238,Text Classification,-1,,2024-12-26 15:11:13,2024-12-26 15:11:13
1239,Mllib,-1,,2024-12-26 15:11:14,2024-12-26 15:11:14
1240,JavaScript/JQuery,-1,,2024-12-26 15:11:14,2024-12-26 15:11:14
1241,Adobe Illustrator,-1,,2024-12-26 15:11:14,2024-12-26 15:11:14
1242,SageMaker,-1,,2024-12-26 15:11:14,2024-12-26 15:11:14
1243,S3,-1,,2024-12-26 15:11:14,2024-12-26 15:11:14
1244,Glue,-1,,2024-12-26 15:11:14,2024-12-26 15:11:14
1245,BS4,-1,,2024-12-26 15:11:14,2024-12-26 15:11:14
1246,RegEx,-1,,2024-12-26 15:11:14,2024-12-26 15:11:14
1247,Sklearn,-1,,2024-12-26 15:11:14,2024-12-26 15:11:14
1248,My Report One,-1,,2024-12-26 15:11:15,2024-12-26 15:11:15
1249,Hedge Accounting,-1,,2025-01-08 09:56:24,2025-01-08 09:56:24
1250,Back-office Workflows,-1,,2025-01-08 09:56:24,2025-01-08 09:56:24
1251,Process Optimization,-1,,2025-01-08 09:56:24,2025-01-08 09:56:24
1252,Sybase ASE,-1,,2025-01-08 09:56:25,2025-01-08 09:56:25
1253,Business Object,-1,,2025-01-08 09:56:26,2025-01-08 09:56:26
1254,FX Spot,-1,,2025-01-08 10:04:09,2025-01-08 10:04:09
1255,Forward,-1,,2025-01-08 10:04:09,2025-01-08 10:04:09
1256,ISDA HTML,-1,,2025-01-08 10:04:09,2025-01-08 10:04:09
1257,Liquidation Module,-1,,2025-01-08 10:04:31,2025-01-08 10:04:31
1258,ISDA,-1,,2025-01-08 10:04:32,2025-01-08 10:04:32
1259,FX,-1,,2025-01-08 15:44:43,2025-01-08 15:44:43
1260,IRD,-1,,2025-01-08 15:44:44,2025-01-08 15:44:44
1261,Middle Office,-1,,2025-01-08 15:44:46,2025-01-08 15:44:46
1262,Back Testing,-1,,2025-01-08 15:44:56,2025-01-08 15:44:56
1263,FVA,-1,,2025-01-08 15:44:56,2025-01-08 15:44:56
1264,NDF,-1,,2025-01-08 15:44:56,2025-01-08 15:44:56
1265,Quants,-1,,2025-01-08 15:44:57,2025-01-08 15:44:57
1266,Market Data Analysis,-1,,2025-01-08 15:44:57,2025-01-08 15:44:57
1267,Regulatory Reporting,-1,,2025-01-08 15:44:57,2025-01-08 15:44:57
1268,Derivative Products,-1,,2025-01-08 15:45:18,2025-01-08 15:45:18
1269,Financial Instruments,-1,,2025-01-08 19:22:44,2025-01-08 19:22:44
1270,Bonds,-1,,2025-01-08 19:22:44,2025-01-08 19:22:44
1271,Money Market Instruments,-1,,2025-01-08 19:22:44,2025-01-08 19:22:44
1272,Foreign Exchange,-1,,2025-01-08 19:22:44,2025-01-08 19:22:44
1273,Commodity Forwards,-1,,2025-01-08 19:22:45,2025-01-08 19:22:45
1274,Reverse Repos,-1,,2025-01-08 19:22:45,2025-01-08 19:22:45
1275,Design Analysis,-1,,2025-01-08 19:22:46,2025-01-08 19:22:46
1276,Troubleshooting,-1,,2025-01-08 19:22:46,2025-01-08 19:22:46
1277,User Testing,-1,,2025-01-08 19:22:54,2025-01-08 19:22:54
1278,Data Migration,-1,,2025-01-08 19:22:54,2025-01-08 19:22:54
1279,Documentation and Written Communication,-1,,2025-01-08 19:23:14,2025-01-08 19:23:14
1280,Troubleshooting and Problem Solving,-1,,2025-01-08 19:23:14,2025-01-08 19:23:14
1281,Financial System Applications Implementation,-1,,2025-01-08 19:23:15,2025-01-08 19:23:15
1282,Murex System,-1,,2025-01-08 19:23:15,2025-01-08 19:23:15
1283,Valuation Functionality,-1,,2025-01-08 19:23:15,2025-01-08 19:23:15
1284,Curve Construction,-1,,2025-01-08 19:23:16,2025-01-08 19:23:16
1285,Liquidity Reporting,-1,,2025-01-08 19:23:16,2025-01-08 19:23:16
1286,Market Risk Statistics,-1,,2025-01-08 19:23:16,2025-01-08 19:23:16
1287,Liquidity Risk / ALM Measurements,-1,,2025-01-08 19:23:17,2025-01-08 19:23:17
1288,Regulatory Risk Approaches,-1,,2025-01-08 19:23:17,2025-01-08 19:23:17
1289,Summit System,-1,,2025-01-08 19:23:17,2025-01-08 19:23:17
1290,Financial System Applications,-1,,2025-01-08 19:23:28,2025-01-08 19:23:28
1291,DataMart / EDM / Reporting Layer,-1,,2025-01-08 19:23:28,2025-01-08 19:23:28
1292,CFA,-1,,2025-01-08 19:23:29,2025-01-08 19:23:29
1293,FRM,-1,,2025-01-08 19:23:29,2025-01-08 19:23:29
1294,Pega,-1,,2025-01-09 16:09:14,2025-01-09 16:09:14
1295,Test Case Execution,-1,,2025-01-09 16:09:15,2025-01-09 16:09:15
1296,UAT Phases,-1,,2025-01-09 16:09:15,2025-01-09 16:09:15
1297,Supervisor,-1,,2025-01-09 16:09:38,2025-01-09 16:09:38
1298,P&L,-1,,2025-01-09 16:09:39,2025-01-09 16:09:39
1299,Risks,-1,,2025-01-09 16:09:39,2025-01-09 16:09:39
1300,UDF,-1,,2025-01-09 16:09:40,2025-01-09 16:09:40
1301,Go-Live Support,-1,,2025-01-09 16:09:41,2025-01-09 16:09:41
1302,Compliance Risks,-1,,2025-01-09 16:15:04,2025-01-09 16:15:04
1303,LATAM Support,-1,,2025-01-09 16:15:09,2025-01-09 16:15:09
1304,Static Data Synchronization,-1,,2025-01-09 16:20:38,2025-01-09 16:20:38
1305,Settlement Risk,-1,,2025-01-09 16:29:31,2025-01-09 16:29:31
1306,Migration Projects,-1,,2025-01-09 16:29:32,2025-01-09 16:29:32
1307,Risk Computation,-1,,2025-01-09 16:29:32,2025-01-09 16:29:32
1308,GLCMS,-1,,2025-01-09 16:29:33,2025-01-09 16:29:33
1309,Application Monitoring,-1,,2025-01-09 16:29:38,2025-01-09 16:29:38
1310,Compliance Rules and Market Risk,-1,,2025-01-09 16:42:50,2025-01-09 16:42:50
1311,Murex G2000,-1,,2025-01-09 16:45:14,2025-01-09 16:45:14
1312,MLC 1.5.4,-1,,2025-01-09 16:45:16,2025-01-09 16:45:16
1313,MLC 1.6,-1,,2025-01-09 16:45:16,2025-01-09 16:45:16
1314,Equity,-1,,2025-01-10 14:00:31,2025-01-10 14:00:31
1315,Market Risk Regulations,-1,,2025-01-10 14:00:33,2025-01-10 14:00:33
1316,Stressed VAR,-1,,2025-01-10 14:00:35,2025-01-10 14:00:35
1317,Stress-Testing,-1,,2025-01-10 14:00:36,2025-01-10 14:00:36
1318,IRC,-1,,2025-01-10 14:00:37,2025-01-10 14:00:37
1319,FTRB,-1,,2025-01-10 14:00:38,2025-01-10 14:00:38
1320,FO Business Processes,-1,,2025-01-10 14:00:38,2025-01-10 14:00:38
1321,Trade Capture,-1,,2025-01-10 14:00:38,2025-01-10 14:00:38
1322,Position & Risk Management,-1,,2025-01-10 14:00:38,2025-01-10 14:00:38
1323,Profit & Loss,-1,,2025-01-10 14:00:38,2025-01-10 14:00:38
1324,MX.3 Modules,-1,,2025-01-10 14:00:39,2025-01-10 14:00:39
1325,E-pad & Pre-trade,-1,,2025-01-10 14:00:39,2025-01-10 14:00:39
1326,Curves,-1,,2025-01-10 14:00:39,2025-01-10 14:00:39
1327,Livebook,-1,,2025-01-10 14:00:40,2025-01-10 14:00:40
1328,RBPL,-1,,2025-01-10 14:00:40,2025-01-10 14:00:40
1329,PL VAR,-1,,2025-01-10 14:00:40,2025-01-10 14:00:40
1330,MRA/MRB,-1,,2025-01-10 14:00:40,2025-01-10 14:00:40
1331,Client Delivery Services,-1,,2025-01-10 14:00:41,2025-01-10 14:00:41
1332,Market Risk Consultant,-1,,2025-01-10 14:00:41,2025-01-10 14:00:41
1333,Backlog Management,-1,,2025-01-10 14:00:41,2025-01-10 14:00:41
1334,MXPress & Continuous Integration,-1,,2025-01-10 14:00:42,2025-01-10 14:00:42
1335,MS Office Tools,-1,,2025-01-10 14:00:42,2025-01-10 14:00:42
1336,PLGRID,-1,,2025-01-17 11:03:31,2025-01-17 11:03:31
1337,FPML,-1,,2025-01-17 11:03:31,2025-01-17 11:03:31
1338,SQL Queries,-1,,2025-01-17 11:03:31,2025-01-17 11:03:31
1339,MRA,-1,,2025-01-17 11:04:26,2025-01-17 11:04:26
1340,Murex MLC Development,-1,,2025-01-17 11:06:35,2025-01-17 11:06:35
1341,Business Analysis in Calypso,-1,,2025-01-17 11:06:35,2025-01-17 11:06:35
1342,Database Development,-1,,2025-01-17 11:06:35,2025-01-17 11:06:35
1343,Crystal Reports,-1,,2025-01-17 11:06:36,2025-01-17 11:06:36
1344,Simulation Views,-1,,2025-01-17 11:06:36,2025-01-17 11:06:36
1345,Murex MLC,-1,,2025-01-17 11:06:55,2025-01-17 11:06:55
1346,Murex Datamart,-1,,2025-01-17 11:06:56,2025-01-17 11:06:56
1347,Mx 3.1,-1,,2025-01-17 11:06:56,2025-01-17 11:06:56
1348,Marklogic,-1,,2025-01-17 11:06:57,2025-01-17 11:06:57
1349,Investment Banking Operations,-1,,2025-01-17 11:06:57,2025-01-17 11:06:57
1350,IBM Cognos,-1,,2025-01-17 23:28:51,2025-01-17 23:28:51
1351,Oracle Hyperion,-1,,2025-01-17 23:28:51,2025-01-17 23:28:51
1352,Microsoft BI,-1,,2025-01-17 23:28:52,2025-01-17 23:28:52
1353,Informatica PowerCenter,-1,,2025-01-17 23:28:52,2025-01-17 23:28:52
1354,Business Object Data Services,-1,,2025-01-17 23:28:53,2025-01-17 23:28:53
1355,QlikView,-1,,2025-01-17 23:28:53,2025-01-17 23:28:53
1356,TEMENOS T24,-1,,2025-01-17 23:28:54,2025-01-17 23:28:54
1357,Amplitude CBS,-1,,2025-01-17 23:28:54,2025-01-17 23:28:54
1358,Data Science & Big Data,-1,,2025-01-17 23:29:04,2025-01-17 23:29:04
1359,Business Intelligence,-1,,2025-01-18 14:44:36,2025-01-18 14:44:36
1360,Payment Solutions,-1,,2025-01-18 14:44:37,2025-01-18 14:44:37
1361,SAP BO,-1,,2025-01-18 14:52:13,2025-01-18 14:52:13
1362,Business Process Management,-1,,2025-01-18 14:57:50,2025-01-18 14:57:50
1363,Application Maintenance,-1,,2025-01-18 14:59:39,2025-01-18 14:59:39
1364,Project Planning,-1,,2025-01-18 14:59:39,2025-01-18 14:59:39
1365,BI,-1,,2025-01-21 09:31:57,2025-01-21 09:31:57
1366,ETL MAPPINGS,-1,,2025-01-21 09:32:08,2025-01-21 09:32:08
1367,RESOURCE SUPERVISION,-1,,2025-01-21 09:32:09,2025-01-21 09:32:09
1368,KPI-BASED SCORECARDS,-1,,2025-01-21 09:32:09,2025-01-21 09:32:09
1369,DECISION-SUPPORT SYSTEMS,-1,,2025-01-21 09:32:17,2025-01-21 09:32:17
1370,TEAM SUPERVISION,-1,,2025-01-21 09:32:17,2025-01-21 09:32:17
1371,RISK CONTROL,-1,,2025-01-21 09:34:19,2025-01-21 09:34:19
1372,END-OF-DAY PROCESSING,-1,,2025-01-21 09:34:39,2025-01-21 09:34:39
1373,TIBCO,-1,,2025-01-21 09:34:39,2025-01-21 09:34:39
1374,DEVELOPMENT MANAGEMENT,-1,,2025-01-21 09:34:39,2025-01-21 09:34:39
1375,NON-FUNCTIONAL REQUIREMENTS,-1,,2025-01-21 09:34:39,2025-01-21 09:34:39
1376,IT INFRASTRUCTURE,-1,,2025-01-21 09:34:39,2025-01-21 09:34:39
1377,APPLICATION SUPPORT,-1,,2025-01-21 09:34:40,2025-01-21 09:34:40
1378,COLLATERAL MODULE,-1,,2025-01-21 09:34:52,2025-01-21 09:34:52
1379,QTP Script Development,-1,,2025-01-21 09:35:47,2025-01-21 09:35:47
1380,Front Office Operations,-1,,2025-01-21 09:35:48,2025-01-21 09:35:48
1381,SWIFT Messaging,-1,,2025-01-21 09:36:01,2025-01-21 09:36:01
1382,RISK ASSESSMENT,-1,,2025-01-21 10:30:00,2025-01-21 10:30:00
1383,TECHNICAL DOCUMENTATION,-1,,2025-01-21 10:30:10,2025-01-21 10:30:10
1384,IRD PRODUCTS,-1,,2025-01-21 10:31:42,2025-01-21 10:31:42
1385,FRONT END SYSTEMS,-1,,2025-01-21 10:31:42,2025-01-21 10:31:42
1386,INTEREST RATE PRODUCTS,-1,,2025-01-21 10:31:52,2025-01-21 10:31:52
1387,SENTINEL,-1,,2025-01-21 10:31:59,2025-01-21 10:31:59
1388,REGULATORY CONSTRAINT ANALYSIS,-1,,2025-01-21 10:31:59,2025-01-21 10:31:59
1389,INTERNAL CONTROL SUPPORT,-1,,2025-01-21 10:32:00,2025-01-21 10:32:00
1390,SMILE CURVES CONFIGURATION,-1,,2025-01-21 10:32:08,2025-01-21 10:32:08
1391,CURRENCY MODELS CONFIGURATION,-1,,2025-01-21 10:32:08,2025-01-21 10:32:08
1392,P&L COMPARISON,-1,,2025-01-21 10:32:08,2025-01-21 10:32:08
1393,EXOTIC OPTIONS TESTING,-1,,2025-01-21 10:32:09,2025-01-21 10:32:09
1394,Grid Computing Systems,-1,,2025-01-21 11:37:17,2025-01-21 11:37:17
1395,Rates and Credit Products,-1,,2025-01-21 12:19:57,2025-01-21 12:19:57
1396,Front-Office Experience,-1,,2025-01-21 12:19:57,2025-01-21 12:19:57
1397,IT and Quant Topics,-1,,2025-01-21 12:19:57,2025-01-21 12:19:57
1398,Documentation and Technical Specifications,-1,,2025-01-21 12:19:57,2025-01-21 12:19:57
1399,Analytical Skills,-1,,2025-01-21 12:19:58,2025-01-21 12:19:58
1400,Problem-Solving Skills,-1,,2025-01-21 12:19:58,2025-01-21 12:19:58
1401,Interpersonal Skills,-1,,2025-01-21 12:19:58,2025-01-21 12:19:58
1402,Collaboration with Diverse Teams,-1,,2025-01-21 12:19:58,2025-01-21 12:19:58
1403,Front-Office Environment,-1,,2025-01-21 12:20:11,2025-01-21 12:20:11
1404,Quantitative Topics,-1,,2025-01-21 12:20:27,2025-01-21 12:20:27
1405,XLL,-1,,2025-01-21 12:23:11,2025-01-21 12:23:11
1406,Asynchronous Programming,-1,,2025-01-21 12:23:11,2025-01-21 12:23:11
1407,Network Protocols,-1,,2025-01-21 12:23:12,2025-01-21 12:23:12
1408,Debugging,-1,,2025-01-21 12:23:12,2025-01-21 12:23:12
1409,Interpersonal and Communication Skills,-1,,2025-01-21 12:23:12,2025-01-21 12:23:12
1410,.NET,-1,,2025-01-21 12:24:50,2025-01-21 12:24:50
1411,XLL Capabilities,-1,,2025-01-21 12:24:50,2025-01-21 12:24:50
1412,Liquid Transformations,-1,,2025-01-21 12:24:51,2025-01-21 12:24:51
1413,Apache Airflow,-1,,2025-02-28 17:07:44,2025-02-28 17:07:44
1414,Hyperparameter Optimization,-1,,2025-02-28 17:07:47,2025-02-28 17:07:47
1415,RapidAPI,-1,,2025-02-28 17:07:47,2025-02-28 17:07:47
1416,TinyMCE,-1,,2025-02-28 17:07:47,2025-02-28 17:07:47
1417,Pillow,-1,,2025-02-28 17:07:48,2025-02-28 17:07:48
1418,Retrieval-Augmented Generation,-1,,2025-02-28 17:07:48,2025-02-28 17:07:48
1419,Cohere API,-1,,2025-02-28 17:10:25,2025-02-28 17:10:25
1420,Cancer Prediction,-1,,2025-02-28 17:10:25,2025-02-28 17:10:25
1421,Precision,-1,,2025-02-28 17:10:25,2025-02-28 17:10:25
1422,F1-Score,-1,,2025-02-28 17:10:25,2025-02-28 17:10:25
1423,Accuracy,-1,,2025-02-28 17:10:25,2025-02-28 17:10:25
1424,ROC Curve,-1,,2025-02-28 17:10:25,2025-02-28 17:10:25
1425,Agent IA,-1,,2025-02-28 17:10:26,2025-02-28 17:10:26
1426,SEO,-1,,2025-02-28 17:10:26,2025-02-28 17:10:26
1427,Fine-tuning,-1,,2025-02-28 17:10:27,2025-02-28 17:10:27
1428,MODEL TRAINING,-1,,2025-02-28 17:11:25,2025-02-28 17:11:25
